date,Unnamed: 0.1,Unnamed: 0,symbol,expiration,strike,last,type,volume,open_interest,implied_volatility,delta,gamma,theta,vega,rho,T,bs_price,adjusted_price,date
2025-03-21,4,4,IBM,2025-03-21,95.0,157.4,call,0,5,4.12873,0.99349,0.00017,-0.26084,0.00484,0.0102,0.005479,56.08302,56.09707,2025-03-21
2025-03-21,6,6,IBM,2025-03-21,100.0,152.32,call,0,0,3.85952,0.9938,0.00017,-0.23543,0.00464,0.01076,0.005479,51.23063,51.24295,2025-03-21
2025-03-21,17,17,IBM,2025-03-21,125.0,0.03,put,7,27,2.16094,-0.00062,4e-05,-0.01539,0.00057,-2e-05,0.005479,1.383554,1.383596,2025-03-21
2025-03-21,18,18,IBM,2025-03-21,130.0,85.15,call,0,0,2.81656,0.99196,0.0003,-0.22051,0.00583,0.01399,0.005479,24.25401,24.26145,2025-03-21
2025-03-21,20,20,IBM,2025-03-21,135.0,117.85,call,0,0,2.84857,0.98798,0.00041,-0.31046,0.00828,0.01442,0.005479,20.93102,20.94011,2025-03-21
2025-03-21,21,21,IBM,2025-03-21,135.0,0.06,put,14,239,1.93716,-0.00069,5e-05,-0.01524,0.00063,-2e-05,0.005479,2.739928,0.06,2025-03-21
2025-03-21,22,22,IBM,2025-03-21,140.0,110.94,call,0,6,2.59614,0.98968,0.0004,-0.25167,0.00725,0.01502,0.005479,16.81405,16.82048,2025-03-21
2025-03-21,24,24,IBM,2025-03-21,145.0,107.4,call,0,0,2.42679,0.98982,0.00042,-0.23436,0.00717,0.01557,0.005479,13.25196,13.25699,2025-03-21
2025-03-21,26,26,IBM,2025-03-21,150.0,112.71,call,0,1,2.46002,0.98462,0.00059,-0.33244,0.01025,0.01596,0.005479,10.88963,10.89553,2025-03-21
2025-03-21,28,28,IBM,2025-03-21,155.0,98.5,call,0,0,2.04097,0.99184,0.00041,-0.1688,0.00591,0.01673,0.005479,6.904277,6.906459,2025-03-21
2025-03-21,29,29,IBM,2025-03-21,155.0,0.19,put,4,556,1.53367,-0.00086,7e-05,-0.01488,0.00078,-2e-05,0.005479,9.677974,0.19,2025-03-21
2025-03-21,30,30,IBM,2025-03-21,160.0,90.5,call,0,10,1.17972,1.0,0.0,-0.01897,0.0,0.01753,0.005479,1.81115,1.81115,2025-03-21
2025-03-21,32,32,IBM,2025-03-21,165.0,82.85,call,0,24,2.00942,0.98378,0.00076,-0.28846,0.01073,0.01759,0.005479,3.690526,3.692646,2025-03-21
2025-03-21,34,34,IBM,2025-03-21,170.0,91.52,call,0,4,1.98015,0.97848,0.00098,-0.35709,0.01364,0.01798,0.005479,2.5552,2.557067,2025-03-21
2025-03-21,36,36,IBM,2025-03-21,175.0,75.8,call,0,4,1.81674,0.97908,0.00105,-0.32258,0.01332,0.01855,0.005479,1.363469,1.364449,2025-03-21
2025-03-21,38,38,IBM,2025-03-21,180.0,69.11,call,0,12,1.61659,0.98206,0.00103,-0.25696,0.01169,0.01919,0.005479,0.5463746,0.5467221,2025-03-21
2025-03-21,40,40,IBM,2025-03-21,185.0,66.2,call,0,0,1.63793,0.97215,0.00147,-0.36781,0.01694,0.01944,0.005479,0.3437041,0.3440205,2025-03-21
2025-03-21,42,42,IBM,2025-03-21,190.0,63.75,call,0,29,1.42452,0.9771,0.00144,-0.27781,0.01438,0.02014,0.005479,0.07733426,0.07739543,2025-03-21
2025-03-21,43,43,IBM,2025-03-21,190.0,0.01,put,4,899,0.93094,-0.00139,0.00018,-0.014,0.00121,-4e-05,0.005479,39.98008,0.01,2025-03-21
2025-03-21,44,44,IBM,2025-03-21,195.0,56.5,call,1,19,1.32468,0.97439,0.0017,-0.28383,0.01579,0.02061,0.005479,0.01929804,0.01931492,2025-03-21
2025-03-21,45,45,IBM,2025-03-21,195.0,0.01,put,1,549,0.85289,-0.00151,0.00022,-0.01384,0.0013,-4e-05,0.005479,44.97867,0.01,2025-03-21
2025-03-21,46,46,IBM,2025-03-21,200.0,64.6,call,0,68,1.23063,0.97075,0.00204,-0.29424,0.01765,0.02105,0.005479,0.003424312,64.6,2025-03-21
2025-03-21,47,47,IBM,2025-03-21,200.0,0.01,put,32,1503,0.77637,-0.00166,0.00026,-0.01367,0.00141,-5e-05,0.005479,49.97808,0.01,2025-03-21
2025-03-21,48,48,IBM,2025-03-21,205.0,47.65,call,0,0,1.01371,0.97927,0.00186,-0.19115,0.01322,0.02186,0.005479,4.539375e-05,4.542798e-05,2025-03-21
2025-03-21,49,49,IBM,2025-03-21,205.0,0.02,put,2,292,0.70122,-0.00182,0.00031,-0.01346,0.00154,-5e-05,0.005479,54.97754,0.02,2025-03-21
2025-03-21,50,50,IBM,2025-03-21,210.0,43.26,call,3,53,0.95685,0.97215,0.00252,-0.22665,0.01694,0.0222,0.005479,2.505772e-06,43.26,2025-03-21
2025-03-21,52,52,IBM,2025-03-21,215.0,35.73,call,0,2,0.76859,0.98065,0.00231,-0.14466,0.01247,0.023,0.005479,1.943696e-10,1.945132e-10,2025-03-21
2025-03-21,53,53,IBM,2025-03-21,215.0,0.04,put,3,1570,0.6221,-0.00559,0.00097,-0.03271,0.00423,-0.00016,0.005479,64.97644,0.04,2025-03-21
2025-03-21,54,54,IBM,2025-03-21,220.0,34.0,call,13,5200,0.80426,0.95603,0.00437,-0.27243,0.02464,0.02284,0.005479,1.016948e-10,34.0,2025-03-21
2025-03-21,55,55,IBM,2025-03-21,220.0,0.05,put,36,2614,0.48308,-0.00259,0.00063,-0.01272,0.00212,-7e-05,0.005479,69.97589,0.05,2025-03-21
2025-03-21,56,56,IBM,2025-03-21,225.0,28.51,call,2,1598,0.60884,0.96979,0.00424,-0.16369,0.01812,0.02379,0.005479,1.0690269999999999e-19,28.51,2025-03-21
2025-03-21,57,57,IBM,2025-03-21,225.0,0.06,put,77,2515,0.50823,-0.01262,0.00242,-0.0545,0.00864,-0.00036,0.005479,74.97534,0.06,2025-03-21
2025-03-21,59,59,IBM,2025-03-21,227.5,0.11,put,1,36,0.46647,-0.01365,0.00283,-0.05349,0.00924,-0.00038,0.005479,77.47507,77.52183,2025-03-21
2025-03-21,60,60,IBM,2025-03-21,230.0,23.47,call,14,2049,0.29147,1.0,0.0,-0.02727,0.0,0.02519,0.005479,2.638876e-88,23.47,2025-03-21
2025-03-21,61,61,IBM,2025-03-21,230.0,0.09,put,383,2256,0.44299,-0.01849,0.00386,-0.06584,0.01199,-0.00052,0.005479,79.9748,0.09,2025-03-21
2025-03-21,62,62,IBM,2025-03-21,232.5,18.95,call,0,6,0.54573,0.93497,0.00878,-0.25471,0.03359,0.02362,0.005479,7.121401e-28,7.1364880000000005e-28,2025-03-21
2025-03-21,63,63,IBM,2025-03-21,232.5,0.11,put,10,906,0.30687,-0.00394,0.00144,-0.01174,0.00309,-0.00011,0.005479,82.47452,0.11,2025-03-21
2025-03-21,64,64,IBM,2025-03-21,235.0,18.45,call,12,1003,0.41418,0.95837,0.00812,-0.14864,0.02357,0.02457,0.005479,3.049685e-49,18.45,2025-03-21
2025-03-21,65,65,IBM,2025-03-21,235.0,0.15,put,332,1697,0.39193,-0.03377,0.00723,-0.09632,0.01987,-0.00095,0.005479,84.97425,0.15,2025-03-21
2025-03-21,66,66,IBM,2025-03-21,237.5,11.85,call,0,11,0.1963,1.0,0.0,-0.02816,0.0,0.02602,0.005479,9.268682e-221,9.268682e-221,2025-03-21
2025-03-21,67,67,IBM,2025-03-21,237.5,0.18,put,56,359,0.36998,-0.04837,0.01025,-0.12153,0.0266,-0.00136,0.005479,87.47397,0.18,2025-03-21
2025-03-21,68,68,IBM,2025-03-21,240.0,14.4,call,27,2781,0.27806,0.96704,0.00999,-0.09515,0.01948,0.02536,0.005479,1.998868e-116,14.4,2025-03-21
2025-03-21,69,69,IBM,2025-03-21,240.0,0.34,put,248,2231,0.35367,-0.07312,0.01482,-0.16031,0.03677,-0.00206,0.005479,89.9737,0.34,2025-03-21
2025-03-21,70,70,IBM,2025-03-21,242.5,12.09,call,6,44,0.23202,0.9618,0.01351,-0.09135,0.02198,0.02549,0.005479,2.69668e-173,2.701465e-173,2025-03-21
2025-03-21,71,71,IBM,2025-03-21,242.5,0.45,put,34,582,0.33934,-0.11104,0.02107,-0.20926,0.05013,-0.00313,0.005479,92.47343,0.45,2025-03-21
2025-03-21,72,72,IBM,2025-03-21,245.0,9.3,call,169,350,0.27851,0.87051,0.0286,-0.21961,0.05587,0.02319,0.005479,3.298973e-126,9.3,2025-03-21
2025-03-21,73,73,IBM,2025-03-21,245.0,0.73,put,311,1389,0.3401,-0.17611,0.02874,-0.28599,0.06854,-0.00498,0.005479,94.97315,0.73,2025-03-21
2025-03-21,74,74,IBM,2025-03-21,247.5,7.7,call,67,143,0.27226,0.78753,0.04025,-0.2844,0.07685,0.02112,0.005479,2.427165e-137,7.7,2025-03-21
2025-03-21,75,75,IBM,2025-03-21,247.5,1.29,put,337,575,0.3311,-0.25408,0.03655,-0.3435,0.08488,-0.00719,0.005479,97.47288,1.29,2025-03-21
2025-03-21,76,76,IBM,2025-03-21,250.0,5.24,call,151,6839,0.31922,0.64963,0.04383,-0.41043,0.09813,0.01745,0.005479,1.419765e-104,5.24,2025-03-21
2025-03-21,77,77,IBM,2025-03-21,250.0,1.99,put,169,2084,0.318,-0.34987,0.04398,-0.37911,0.09808,-0.00992,0.005479,99.9726,1.99,2025-03-21
2025-03-21,78,78,IBM,2025-03-21,252.5,3.71,call,603,656,0.31434,0.53482,0.04774,-0.42915,0.10525,0.01443,0.005479,6.725935000000001e-112,3.71,2025-03-21
2025-03-21,79,79,IBM,2025-03-21,252.5,3.02,put,126,441,0.31525,-0.46524,0.0476,-0.40042,0.10525,-0.01323,0.005479,102.4723,3.02,2025-03-21
2025-03-21,80,80,IBM,2025-03-21,255.0,2.52,call,849,1650,0.30702,0.41377,0.04792,-0.40808,0.10317,0.01121,0.005479,1.522793e-121,2.52,2025-03-21
2025-03-21,81,81,IBM,2025-03-21,255.0,4.4,put,69,2193,0.31678,-0.58322,0.04652,-0.39118,0.10334,-0.01665,0.005479,104.9721,4.4,2025-03-21
2025-03-21,82,82,IBM,2025-03-21,257.5,1.6,call,164,255,0.31251,0.30444,0.04229,-0.37101,0.09269,0.00827,0.005479,1.185262e-121,1.6,2025-03-21
2025-03-21,83,83,IBM,2025-03-21,257.5,6.15,put,10,85,0.36357,-0.66816,0.0377,-0.41601,0.09612,-0.01923,0.005479,107.4718,6.15,2025-03-21
2025-03-21,84,84,IBM,2025-03-21,260.0,1.02,call,533,3423,0.3154,0.21206,0.0347,-0.30888,0.07676,0.00577,0.005479,1.088729e-123,1.02,2025-03-21
2025-03-21,85,85,IBM,2025-03-21,260.0,7.55,put,15,1818,0.36571,-0.75315,0.03259,-0.35852,0.08359,-0.02179,0.005479,109.9715,7.55,2025-03-21
2025-03-21,86,86,IBM,2025-03-21,262.5,0.62,call,437,256,0.32089,0.14233,0.02649,-0.24329,0.05961,0.00388,0.005479,1.116323e-123,0.62,2025-03-21
2025-03-21,87,87,IBM,2025-03-21,262.5,9.25,put,1,199,0.37973,-0.81553,0.0265,-0.30923,0.07056,-0.02375,0.005479,112.4712,9.25,2025-03-21
2025-03-21,88,88,IBM,2025-03-21,265.0,0.37,call,330,1879,0.33202,0.09584,0.01935,-0.1898,0.04505,0.00261,0.005479,1.500783e-119,0.37,2025-03-21
2025-03-21,89,89,IBM,2025-03-21,265.0,12.49,put,1,1885,0.40824,-0.8542,0.02116,-0.282,0.06058,-0.02507,0.005479,114.971,12.49,2025-03-21
2025-03-21,90,90,IBM,2025-03-21,267.5,0.25,call,186,132,0.3404,0.06226,0.0136,-0.14,0.03247,0.0017,0.005479,1.484896e-117,0.25,2025-03-21
2025-03-21,91,91,IBM,2025-03-21,267.5,13.5,put,1,9,0.30793,-0.95559,0.0115,-0.0652,0.02484,-0.02809,0.005479,117.4707,117.6841,2025-03-21
2025-03-21,92,92,IBM,2025-03-21,270.0,0.14,call,365,1594,0.3587,0.04422,0.00984,-0.11229,0.02475,0.00121,0.005479,1.831592e-109,0.14,2025-03-21
2025-03-21,93,93,IBM,2025-03-21,270.0,16.97,put,1,764,0.46571,-0.90359,0.01385,-0.23422,0.04525,-0.02696,0.005479,119.9704,16.97,2025-03-21
2025-03-21,94,94,IBM,2025-03-21,272.5,0.1,call,2,55,0.26891,0.00452,0.00185,-0.01189,0.0035,0.00012,0.005479,9.941758e-199,0.1,2025-03-21
2025-03-21,96,96,IBM,2025-03-21,275.0,0.07,call,310,1144,0.37973,0.01929,0.00467,-0.05958,0.01243,0.00053,0.005479,5.628191e-104,0.07,2025-03-21
2025-03-21,98,98,IBM,2025-03-21,277.5,0.01,call,1,29,0.32714,0.00378,0.0013,-0.0123,0.00298,0.0001,0.005479,2.47086e-143,2.471389e-143,2025-03-21
2025-03-21,100,100,IBM,2025-03-21,280.0,0.03,call,307,8648,0.49878,0.02813,0.00488,-0.10732,0.01708,0.00076,0.005479,9.665487e-65,0.03,2025-03-21
2025-03-21,102,102,IBM,2025-03-21,282.5,0.27,call,0,131,0.38339,0.00327,0.00097,-0.01266,0.00262,9e-05,0.005479,4.5822579999999996e-111,0.27,2025-03-21
2025-03-21,104,104,IBM,2025-03-21,285.0,0.02,call,12,548,0.55671,0.0223,0.0036,-0.0985,0.01406,0.00061,0.005479,3.026587e-55,0.02,2025-03-21
2025-03-21,106,106,IBM,2025-03-21,287.5,0.43,call,0,2,0.43781,0.0029,0.00077,-0.01296,0.00235,8e-05,0.005479,2.187922e-90,2.188263e-90,2025-03-21
2025-03-21,108,108,IBM,2025-03-21,290.0,0.03,call,1,1537,0.56707,0.0118,0.00205,-0.05813,0.00815,0.00032,0.005479,4.0176179999999997e-56,0.03,2025-03-21
2025-03-21,110,110,IBM,2025-03-21,295.0,0.02,call,1,134,0.51647,0.0025,0.00057,-0.01334,0.00205,7e-05,0.005479,1.169817e-70,0.02,2025-03-21
2025-03-21,112,112,IBM,2025-03-21,300.0,0.01,call,65,4091,0.56707,0.00229,0.00048,-0.01355,0.0019,6e-05,0.005479,8.297396e-62,0.01,2025-03-21
2025-03-21,114,114,IBM,2025-03-21,305.0,0.02,call,2,42,0.61646,0.00213,0.00041,-0.01374,0.00178,6e-05,0.005479,4.980673e-55,4.981219e-55,2025-03-21
2025-03-21,116,116,IBM,2025-03-21,310.0,0.29,call,0,55,0.66463,0.00199,0.00036,-0.01392,0.00167,5e-05,0.005479,1.045849e-49,0.29,2025-03-21
2025-03-21,118,118,IBM,2025-03-21,315.0,0.06,call,0,4,0.71158,0.00186,0.00032,-0.01406,0.00157,5e-05,0.005479,1.92998e-45,1.930162e-45,2025-03-21
2025-03-21,120,120,IBM,2025-03-21,320.0,0.03,call,0,574,0.75762,0.00176,0.00028,-0.01422,0.0015,5e-05,0.005479,6.26841e-42,0.03,2025-03-21
2025-03-21,122,122,IBM,2025-03-21,325.0,0.1,call,0,28,0.80259,0.00167,0.00025,-0.01435,0.00143,5e-05,0.005479,5.1704340000000005e-39,5.1708680000000007e-39,2025-03-21
2025-03-28,150,150,IBM,2025-03-28,195.0,52.05,call,0,1,0.84237,0.96869,0.00191,-0.14065,0.03096,0.05616,0.024658,0.2023606,0.2026932,2025-03-28
2025-03-28,152,152,IBM,2025-03-28,200.0,60.0,call,0,0,0.57698,0.992,0.00087,-0.0487,0.00963,0.05956,0.024658,0.003246544,0.003248248,2025-03-28
2025-03-28,158,158,IBM,2025-03-28,215.0,31.5,call,0,6,0.56555,0.95718,0.00367,-0.12694,0.03999,0.06131,0.024658,9.181945e-05,9.201989e-05,2025-03-28
2025-03-28,160,160,IBM,2025-03-28,220.0,44.66,call,0,12,0.30092,0.99678,0.00074,-0.03183,0.00429,0.06597,0.024658,2.95395e-16,2.954693e-16,2025-03-28
2025-03-28,161,161,IBM,2025-03-28,220.0,0.23,put,1,60,0.39589,-0.01852,0.00261,-0.03528,0.01992,-0.00145,0.024658,69.89153,0.23,2025-03-28
2025-03-28,162,162,IBM,2025-03-28,225.0,28.79,call,50,54,0.43217,0.94702,0.00569,-0.11817,0.04742,0.06355,0.024658,2.389266e-09,28.79,2025-03-28
2025-03-28,163,163,IBM,2025-03-28,225.0,0.21,put,15,123,0.39254,-0.03814,0.00481,-0.06378,0.03641,-0.00299,0.024658,74.88907,0.21,2025-03-28
2025-03-28,165,165,IBM,2025-03-28,227.5,0.31,put,5,2,0.33934,-0.03194,0.00481,-0.04756,0.03147,-0.00249,0.024658,77.38784,77.52822,2025-03-28
2025-03-28,166,166,IBM,2025-03-28,230.0,23.99,call,50,51,0.39238,0.92656,0.00808,-0.13408,0.06117,0.06345,0.024658,3.355226e-12,23.99,2025-03-28
2025-03-28,167,167,IBM,2025-03-28,230.0,0.36,put,10,134,0.35001,-0.05278,0.007,-0.0736,0.04728,-0.00413,0.024658,79.8866,0.36,2025-03-28
2025-03-28,169,169,IBM,2025-03-28,232.5,0.47,put,7,4,0.33873,-0.06856,0.00888,-0.08724,0.05803,-0.00537,0.024658,82.38537,82.66099,2025-03-28
2025-03-28,170,170,IBM,2025-03-28,235.0,15.05,call,0,6,0.26525,0.95069,0.00876,-0.08034,0.0448,0.0669,0.024658,1.761097e-27,1.7658130000000002e-27,2025-03-28
2025-03-28,171,171,IBM,2025-03-28,235.0,0.6,put,19,1974,0.32821,-0.08937,0.01121,-0.10308,0.07094,-0.007,0.024658,84.88414,0.6,2025-03-28
2025-03-28,172,172,IBM,2025-03-28,237.5,12.55,call,0,6,0.26297,0.92417,0.01236,-0.10074,0.06269,0.06558,0.024658,3.596509e-29,3.6100050000000004e-29,2025-03-28
2025-03-28,173,173,IBM,2025-03-28,237.5,0.73,put,5,24,0.31784,-0.11607,0.014,-0.12038,0.0858,-0.00909,0.024658,87.38291,87.81895,2025-03-28
2025-03-28,174,174,IBM,2025-03-28,240.0,14.55,call,8,18,0.27577,0.87505,0.01699,-0.13788,0.09038,0.06248,0.024658,8.077456e-28,8.120820000000001e-28,2025-03-28
2025-03-28,175,175,IBM,2025-03-28,240.0,1.11,put,68,344,0.31098,-0.15243,0.01726,-0.14159,0.10349,-0.01196,0.024658,89.88167,1.11,2025-03-28
2025-03-28,176,176,IBM,2025-03-28,242.5,8.9,call,0,19,0.26922,0.83039,0.02137,-0.1593,0.11097,0.05973,0.024658,2.555916e-30,2.5728279999999998e-30,2025-03-28
2025-03-28,177,177,IBM,2025-03-28,242.5,1.4,put,38,20,0.30489,-0.19774,0.02077,-0.16311,0.12211,-0.01553,0.024658,92.38044,93.04041,2025-03-28
2025-03-28,178,178,IBM,2025-03-28,245.0,11.05,call,12,44,0.28659,0.75633,0.0249,-0.20081,0.13765,0.0546,0.024658,4.945041e-28,4.985232e-28,2025-03-28
2025-03-28,179,179,IBM,2025-03-28,245.0,1.85,put,40,100,0.29589,-0.25006,0.02446,-0.17998,0.13957,-0.01966,0.024658,94.87921,1.85,2025-03-28
2025-03-28,180,180,IBM,2025-03-28,247.5,9.0,call,9,8,0.28217,0.69054,0.02845,-0.2183,0.15481,0.05014,0.024658,5.4152179999999995e-30,5.4648369999999995e-30,2025-03-28
2025-03-28,181,181,IBM,2025-03-28,247.5,2.4,put,25,14,0.28949,-0.31346,0.02788,-0.19513,0.15568,-0.02469,0.024658,97.37798,98.27171,2025-03-28
2025-03-28,182,182,IBM,2025-03-28,250.0,6.83,call,60,137,0.27897,0.61601,0.03118,-0.23039,0.16774,0.04495,0.024658,8.244445e-32,6.83,2025-03-28
2025-03-28,183,183,IBM,2025-03-28,250.0,3.1,put,28,246,0.28766,-0.38683,0.0303,-0.20777,0.1681,-0.03055,0.024658,99.87674,3.1,2025-03-28
2025-03-28,184,184,IBM,2025-03-28,252.5,5.93,call,31,26,0.27958,0.53565,0.03236,-0.2372,0.1745,0.03924,0.024658,7.547108e-33,7.625168000000001e-33,2025-03-28
2025-03-28,185,185,IBM,2025-03-28,252.5,4.36,put,3,12,0.27775,-0.46425,0.03257,-0.20584,0.17449,-0.03674,0.024658,102.3755,103.4354,2025-03-28
2025-03-28,186,186,IBM,2025-03-28,255.0,4.06,call,70,94,0.26739,0.4519,0.03373,-0.22448,0.17392,0.03328,0.024658,4.872668e-37,4.06,2025-03-28
2025-03-28,187,187,IBM,2025-03-28,255.0,5.5,put,1,47,0.28873,-0.54315,0.03128,-0.21158,0.17417,-0.04321,0.024658,104.8743,105.9516,2025-03-28
2025-03-28,188,188,IBM,2025-03-28,257.5,3.03,call,116,21,0.2651,0.36908,0.03241,-0.21038,0.16568,0.02727,0.024658,5.6813920000000006e-39,5.7376640000000004e-39,2025-03-28
2025-03-28,189,189,IBM,2025-03-28,257.5,6.9,put,1,17,0.28766,-0.61956,0.03015,-0.19924,0.16727,-0.04948,0.024658,107.373,108.4329,2025-03-28
2025-03-28,190,190,IBM,2025-03-28,260.0,2.15,call,125,139,0.26602,0.29384,0.02948,-0.19145,0.15125,0.02177,0.024658,4.877002e-40,2.15,2025-03-28
2025-03-28,191,191,IBM,2025-03-28,260.0,8.3,put,3,66,0.29711,-0.68451,0.02724,-0.18918,0.15611,-0.05498,0.024658,109.8718,8.3,2025-03-28
2025-03-28,192,192,IBM,2025-03-28,262.5,1.66,call,27,20,0.25916,0.22051,0.02605,-0.15983,0.1302,0.01639,0.024658,1.71669e-43,1.730102e-43,2025-03-28
2025-03-28,194,194,IBM,2025-03-28,265.0,1.0,call,52,130,0.26434,0.16827,0.02166,-0.13758,0.1104,0.01252,0.024658,3.100591e-43,1.0,2025-03-28
2025-03-28,195,195,IBM,2025-03-28,265.0,12.2,put,3,53,0.28415,-0.81345,0.0215,-0.12625,0.11783,-0.06591,0.024658,114.8693,12.2,2025-03-28
2025-03-28,196,196,IBM,2025-03-28,267.5,0.81,call,24,3,0.25565,0.11375,0.01716,-0.10163,0.08458,0.00849,0.024658,1.473847e-47,1.481344e-47,2025-03-28
2025-03-28,198,198,IBM,2025-03-28,270.0,0.49,call,39,122,0.26464,0.08585,0.01349,-0.08534,0.06885,0.00641,0.024658,6.994224e-46,0.49,2025-03-28
2025-03-28,199,199,IBM,2025-03-28,270.0,17.1,put,1,28,0.32211,-0.86732,0.01517,-0.10983,0.09422,-0.07143,0.024658,119.8669,120.5225,2025-03-28
2025-03-28,200,200,IBM,2025-03-28,272.5,0.25,call,0,15,0.25733,0.05335,0.00961,-0.05735,0.04769,0.00399,0.024658,7.032442999999999e-50,7.052590999999999e-50,2025-03-28
2025-03-28,201,201,IBM,2025-03-28,272.5,18.87,put,30,3,0.28568,-0.92625,0.01114,-0.04957,0.06137,-0.07652,0.024658,122.3656,122.8093,2025-03-28
2025-03-28,202,202,IBM,2025-03-28,275.0,0.23,call,11,147,0.27044,0.04206,0.00756,-0.04969,0.03941,0.00315,0.024658,1.135129e-46,0.23,2025-03-28
2025-03-28,203,203,IBM,2025-03-28,275.0,21.82,put,30,0,0.36418,-0.89769,0.01116,-0.10012,0.07837,-0.0752,0.024658,124.8644,125.4234,2025-03-28
2025-03-28,204,204,IBM,2025-03-28,277.5,0.12,call,0,45,0.27653,0.03028,0.00565,-0.03874,0.03011,0.00227,0.024658,5.310364e-46,5.319859e-46,2025-03-28
2025-03-28,206,206,IBM,2025-03-28,280.0,0.03,call,2,72,0.32577,0.0406,0.0061,-0.05791,0.03831,0.00303,0.024658,1.460382e-34,0.03,2025-03-28
2025-03-28,208,208,IBM,2025-03-28,285.0,0.05,call,1,90,0.34559,0.02647,0.00404,-0.04307,0.02692,0.00197,0.024658,1.463485e-32,0.05,2025-03-28
2025-03-28,210,210,IBM,2025-03-28,290.0,0.13,call,18,148,0.27851,0.00277,0.0007,-0.00481,0.00373,0.00021,0.024658,8.53075e-52,0.13,2025-03-28
2025-03-28,212,212,IBM,2025-03-28,295.0,0.37,call,0,1,0.30992,0.00251,0.00057,-0.00489,0.00342,0.00019,0.024658,2.7504899999999996e-44,2.751039e-44,2025-03-28
2025-03-28,214,214,IBM,2025-03-28,300.0,0.1,call,0,15,0.3404,0.0023,0.00048,-0.00496,0.00316,0.00017,0.024658,9.099502e-39,9.101159000000001e-39,2025-03-28
2025-04-04,256,256,IBM,2025-04-04,200.0,53.35,call,20,0,0.57485,0.97264,0.00195,-0.07935,0.03541,0.09483,0.043836,0.05957447,0.05968576,2025-04-04
2025-04-04,257,257,IBM,2025-04-04,200.0,0.06,put,3,2,0.3683,-0.00164,0.00026,-0.003,0.00298,-0.00021,0.043836,49.82505,49.83313,2025-04-04
2025-04-04,260,260,IBM,2025-04-04,210.0,43.0,call,0,3,0.5061,0.95833,0.00313,-0.0939,0.05005,0.09789,0.043836,0.003927089,0.003937531,2025-04-04
2025-04-04,262,262,IBM,2025-04-04,215.0,50.68,call,0,1,0.46281,0.95099,0.0039,-0.09722,0.05702,0.09942,0.043836,0.0004388905,0.0004402274,2025-04-04
2025-04-04,265,265,IBM,2025-04-04,220.0,0.33,put,7,118,0.34056,-0.0279,0.00335,-0.03319,0.03599,-0.00358,0.043836,69.80721,0.33,2025-04-04
2025-04-04,266,266,IBM,2025-04-04,225.0,38.45,call,0,4,0.40016,0.91728,0.00678,-0.11925,0.08565,0.09997,0.043836,2.02668e-06,2.036046e-06,2025-04-04
2025-04-04,267,267,IBM,2025-04-04,225.0,0.48,put,2,135,0.37287,-0.06914,0.00635,-0.07523,0.07471,-0.00895,0.043836,74.80283,0.48,2025-04-04
2025-04-04,271,271,IBM,2025-04-04,230.0,0.8,put,5,133,0.33918,-0.09179,0.00865,-0.08436,0.09257,-0.01187,0.043836,79.79844,0.8,2025-04-04
2025-04-04,273,273,IBM,2025-04-04,232.5,0.89,put,2,0,0.33034,-0.11199,0.01026,-0.0947,0.107,-0.01448,0.043836,82.29625,82.77876,2025-04-04
2025-04-04,274,274,IBM,2025-04-04,235.0,15.39,call,0,3,0.27836,0.89571,0.01157,-0.10319,0.10165,0.10224,0.043836,1.027168e-14,1.032983e-14,2025-04-04
2025-04-04,275,275,IBM,2025-04-04,235.0,1.18,put,4,56,0.32028,-0.13532,0.01209,-0.10448,0.12217,-0.01751,0.043836,84.79406,1.18,2025-04-04
2025-04-04,277,277,IBM,2025-04-04,237.5,1.74,put,4,0,0.30351,-0.15827,0.01417,-0.1095,0.13571,-0.02046,0.043836,87.29187,87.94604,2025-04-04
2025-04-04,278,278,IBM,2025-04-04,240.0,24.75,call,0,3,0.27013,0.82715,0.01685,-0.13086,0.14368,0.09583,0.043836,6.841076000000001e-17,6.895985e-17,2025-04-04
2025-04-04,279,279,IBM,2025-04-04,240.0,2.0,put,6,49,0.2965,-0.1936,0.01648,-0.12098,0.15421,-0.02506,0.043836,89.78968,90.55599,2025-04-04
2025-04-04,280,280,IBM,2025-04-04,242.5,14.41,call,1,0,0.26312,0.78499,0.01977,-0.14201,0.16415,0.09159,0.043836,1.886595e-18,1.903945e-18,2025-04-04
2025-04-04,281,281,IBM,2025-04-04,242.5,2.66,put,5,0,0.29071,-0.23573,0.01885,-0.13229,0.17293,-0.03056,0.043836,92.28749,93.17244,2025-04-04
2025-04-04,282,282,IBM,2025-04-04,245.0,7.5,call,0,21,0.27882,0.71987,0.0215,-0.16676,0.18915,0.08423,0.043836,3.1682360000000004e-17,3.201605e-17,2025-04-04
2025-04-04,283,283,IBM,2025-04-04,245.0,2.84,put,9,43,0.2837,-0.28314,0.02124,-0.14099,0.19013,-0.03675,0.043836,94.7853,95.78704,2025-04-04
2025-04-04,285,285,IBM,2025-04-04,247.5,3.6,put,94,0,0.29803,-0.34618,0.02203,-0.1607,0.20724,-0.04517,0.043836,97.28311,98.39831,2025-04-04
2025-04-04,286,286,IBM,2025-04-04,250.0,8.24,call,14,96,0.26205,0.60593,0.02614,-0.17462,0.21617,0.07177,0.043836,8.256453e-21,8.24,2025-04-04
2025-04-04,287,287,IBM,2025-04-04,250.0,5.25,put,5,111,0.27928,-0.39903,0.02461,-0.15574,0.2169,-0.05206,0.043836,99.78092,5.25,2025-04-04
2025-04-04,288,288,IBM,2025-04-04,252.5,6.77,call,21,0,0.25397,0.53944,0.02782,-0.17279,0.22302,0.06424,0.043836,7.296361e-23,7.387872e-23,2025-04-04
2025-04-04,289,289,IBM,2025-04-04,252.5,5.9,put,10,0,0.25809,-0.46082,0.02738,-0.14544,0.22303,-0.06009,0.043836,102.2787,103.5593,2025-04-04
2025-04-04,290,290,IBM,2025-04-04,255.0,5.3,call,7,82,0.25961,0.47099,0.02728,-0.17472,0.22352,0.05623,0.043836,1.022211e-22,5.3,2025-04-04
2025-04-04,291,291,IBM,2025-04-04,255.0,6.5,put,3,41,0.28156,-0.52488,0.02517,-0.15835,0.22368,-0.06898,0.043836,104.7765,106.0802,2025-04-04
2025-04-04,292,292,IBM,2025-04-04,257.5,4.55,call,4,0,0.25016,0.40003,0.02749,-0.16236,0.21704,0.04799,0.043836,3.429896e-25,3.471832e-25,2025-04-04
2025-04-04,294,294,IBM,2025-04-04,260.0,3.35,call,38,77,0.25519,0.33809,0.0255,-0.15537,0.20539,0.04064,0.043836,4.436509e-25,3.35,2025-04-04
2025-04-04,296,296,IBM,2025-04-04,262.5,2.61,call,5,0,0.25672,0.28004,0.02334,-0.14298,0.18912,0.03374,0.043836,1.311903e-25,1.32584e-25,2025-04-04
2025-04-04,298,298,IBM,2025-04-04,265.0,2.14,call,13,114,0.25352,0.22388,0.021,-0.12482,0.16801,0.02705,0.043836,4.679971e-27,2.14,2025-04-04
2025-04-04,299,299,IBM,2025-04-04,265.0,13.7,put,3,14,0.29208,-0.74245,0.01967,-0.12319,0.18133,-0.09949,0.043836,114.7678,115.9212,2025-04-04
2025-04-04,300,300,IBM,2025-04-04,267.5,1.77,call,2,0,0.26098,0.18465,0.01818,-0.11395,0.14977,0.02233,0.043836,2.0670529999999998e-26,2.084411e-26,2025-04-04
2025-04-04,302,302,IBM,2025-04-04,270.0,1.31,call,7,270,0.25992,0.14392,0.01553,-0.09617,0.12739,0.01744,0.043836,2.023026e-27,1.31,2025-04-04
2025-04-04,303,303,IBM,2025-04-04,270.0,17.38,put,3,8,0.30412,-0.81575,0.01558,-0.09973,0.14957,-0.1107,0.043836,119.7634,120.7523,2025-04-04
2025-04-04,304,304,IBM,2025-04-04,272.5,1.02,call,10,0,0.26053,0.11131,0.01296,-0.08035,0.10654,0.01351,0.043836,4.170356e-28,4.195273e-28,2025-04-04
2025-04-04,306,306,IBM,2025-04-04,275.0,0.39,call,0,86,0.26159,0.0851,0.0106,-0.06606,0.08749,0.01034,0.043836,1.071467e-28,0.39,2025-04-04
2025-04-04,308,308,IBM,2025-04-04,280.0,0.31,call,2,106,0.25885,0.04455,0.00647,-0.03928,0.05282,0.00543,0.043836,6.2299110000000005e-31,0.31,2025-04-04
2025-04-04,310,310,IBM,2025-04-04,285.0,0.2,call,0,20,0.19117,0.0031,0.00088,-0.00291,0.0053,0.00038,0.043836,2.599946e-58,2.600749e-58,2025-04-04
2025-04-04,312,312,IBM,2025-04-04,290.0,1.05,call,0,26,0.21647,0.00277,0.0007,-0.00296,0.00479,0.00034,0.043836,2.655573e-48,2.6563019999999998e-48,2025-04-04
2025-04-04,316,316,IBM,2025-04-04,300.0,0.53,call,0,29,0.26495,0.00231,0.00049,-0.00306,0.00406,0.00028,0.043836,4.491793e-36,4.4928149999999995e-36,2025-04-04
2025-04-04,321,321,IBM,2025-04-04,310.0,57.5,put,1,0,0.46494,-0.97107,0.00253,-0.01204,0.03709,-0.14908,0.043836,159.7283,160.0448,2025-04-04
2025-04-11,354,354,IBM,2025-04-11,190.0,57.69,call,0,4,0.58156,0.97594,0.00147,-0.06529,0.03747,0.12533,0.063014,0.5571656,0.5582504,2025-04-11
2025-04-11,358,358,IBM,2025-04-11,200.0,47.75,call,0,30,0.51845,0.96572,0.00221,-0.07471,0.05029,0.13031,0.063014,0.1096522,0.10994,2025-04-11
2025-04-11,366,366,IBM,2025-04-11,220.0,33.62,call,1,2,0.39132,0.92559,0.00543,-0.09659,0.09315,0.13673,0.063014,0.0002096705,0.000210704,2025-04-11
2025-04-11,368,368,IBM,2025-04-11,225.0,29.17,call,1,0,0.3651,0.90407,0.00704,-0.1059,0.11271,0.13626,0.063014,1.803092e-05,1.813888e-05,2025-04-11
2025-04-11,369,369,IBM,2025-04-11,225.0,0.77,put,2,19,0.33629,-0.07941,0.00664,-0.06335,0.09788,-0.01433,0.063014,74.71662,75.10709,2025-04-11
2025-04-11,370,370,IBM,2025-04-11,230.0,25.07,call,4,2,0.27105,0.92208,0.00812,-0.07709,0.09648,0.14312,0.063014,3.616245e-10,3.635157e-10,2025-04-11
2025-04-11,371,371,IBM,2025-04-11,230.0,1.11,put,7,15,0.31617,-0.10979,0.00897,-0.07518,0.12432,-0.01981,0.063014,79.71032,80.24155,2025-04-11
2025-04-11,373,373,IBM,2025-04-11,235.0,1.6,put,4,63,0.30351,-0.15752,0.01199,-0.09186,0.15945,-0.02847,0.063014,84.70402,1.6,2025-04-11
2025-04-11,374,374,IBM,2025-04-11,240.0,15.3,call,0,7,0.2805,0.78642,0.01567,-0.1298,0.1927,0.12529,0.063014,2.685028e-11,2.713002e-11,2025-04-11
2025-04-11,375,375,IBM,2025-04-11,240.0,2.51,put,44,73,0.29498,-0.22399,0.01532,-0.10981,0.19805,-0.04061,0.063014,89.69772,2.51,2025-04-11
2025-04-11,376,376,IBM,2025-04-11,245.0,12.75,call,3,5,0.25839,0.7092,0.02004,-0.13713,0.22691,0.11471,0.063014,3.612632e-14,3.657239e-14,2025-04-11
2025-04-11,377,377,IBM,2025-04-11,245.0,3.7,put,6,458,0.26525,-0.29509,0.01965,-0.11194,0.22846,-0.05345,0.063014,94.69143,3.7,2025-04-11
2025-04-11,378,378,IBM,2025-04-11,250.0,10.0,call,1,17,0.25291,0.60115,0.02306,-0.14629,0.25558,0.09824,0.063014,7.461938e-16,7.565898e-16,2025-04-11
2025-04-11,379,379,IBM,2025-04-11,250.0,5.83,put,8,462,0.28842,-0.40769,0.02033,-0.13533,0.25702,-0.07465,0.063014,99.68513,5.83,2025-04-11
2025-04-11,380,380,IBM,2025-04-11,255.0,6.8,call,1,51,0.26327,0.48464,0.02287,-0.15276,0.26393,0.07962,0.063014,8.967523e-16,6.8,2025-04-11
2025-04-11,381,381,IBM,2025-04-11,255.0,7.4,put,1,38,0.28309,-0.51229,0.02128,-0.13313,0.264,-0.09434,0.063014,104.6788,106.172,2025-04-11
2025-04-11,382,382,IBM,2025-04-11,260.0,4.21,call,18,40,0.25626,0.37034,0.02226,-0.13877,0.25004,0.06131,0.063014,1.0503740000000001e-17,1.064675e-17,2025-04-11
2025-04-11,383,383,IBM,2025-04-11,260.0,10.25,put,1,13,0.27608,-0.61875,0.02085,-0.11946,0.25233,-0.11469,0.063014,109.6725,111.1706,2025-04-11
2025-04-11,384,384,IBM,2025-04-11,265.0,2.9,call,13,44,0.25077,0.26438,0.01971,-0.11626,0.21659,0.04404,0.063014,1.271399e-19,1.286421e-19,2025-04-11
2025-04-11,386,386,IBM,2025-04-11,270.0,1.61,call,4,304,0.25047,0.17986,0.01582,-0.09219,0.17364,0.03009,0.063014,7.112386e-21,1.61,2025-04-11
2025-04-11,388,388,IBM,2025-04-11,275.0,1.06,call,18,158,0.30367,0.16512,0.01235,-0.10461,0.16442,0.02745,0.063014,1.990358e-15,1.06,2025-04-11
2025-04-11,390,390,IBM,2025-04-11,280.0,0.6,call,0,21,0.22425,0.04948,0.00689,-0.03182,0.06771,0.00837,0.063014,9.471917000000001e-29,9.507247e-29,2025-04-11
2025-04-11,392,392,IBM,2025-04-11,285.0,2.32,call,0,7,0.16129,0.00314,0.00089,-0.00213,0.00631,0.00054,0.063014,5.766552e-57,5.768628e-57,2025-04-11
2025-04-11,394,394,IBM,2025-04-11,290.0,1.26,call,0,21,0.18263,0.00278,0.00071,-0.00215,0.00566,0.00048,0.063014,3.389155e-47,3.390235e-47,2025-04-11
2025-04-11,398,398,IBM,2025-04-11,300.0,0.07,call,0,12,0.22379,0.00232,0.00049,-0.00222,0.0048,0.00039,0.063014,3.535453e-35,3.536389e-35,2025-04-11
2025-04-17,424,424,IBM,2025-04-17,125.0,140.15,call,0,1,1.19465,0.98643,0.00039,-0.06366,0.02561,0.10246,0.079452,33.6101,33.65379,2025-04-17
2025-04-17,426,426,IBM,2025-04-17,130.0,128.0,call,0,0,1.13916,0.98546,0.00044,-0.06482,0.02718,0.10647,0.079452,29.7097,29.75073,2025-04-17
2025-04-17,430,430,IBM,2025-04-17,140.0,117.98,call,0,0,1.02667,0.98379,0.00053,-0.06541,0.02984,0.11457,0.079452,22.27003,22.30384,2025-04-17
2025-04-17,432,432,IBM,2025-04-17,145.0,94.84,call,0,0,0.94969,0.98471,0.00055,-0.0601,0.02838,0.11906,0.079452,18.44486,18.47154,2025-04-17
2025-04-17,434,434,IBM,2025-04-17,150.0,98.02,call,0,1,0.93322,0.98083,0.00068,-0.06892,0.03444,0.12236,0.079452,15.80284,15.83059,2025-04-17
2025-04-17,437,437,IBM,2025-04-17,155.0,0.35,put,4,3,0.55427,-0.00086,7e-05,-0.0019,0.00215,-0.00019,0.079452,12.05283,12.05417,2025-04-17
2025-04-17,438,438,IBM,2025-04-17,160.0,60.98,call,0,0,0.8785,0.9733,0.00095,-0.08253,0.04553,0.12904,0.079452,10.87538,10.90066,2025-04-17
2025-04-17,440,440,IBM,2025-04-17,165.0,57.85,call,0,0,0.80183,0.97508,0.00099,-0.07426,0.04298,0.13375,0.079452,7.984264,8.001817,2025-04-17
2025-04-17,442,442,IBM,2025-04-17,170.0,79.12,call,0,19,0.67363,0.98389,0.00081,-0.05183,0.02969,0.14013,0.079452,4.689312,4.696463,2025-04-17
2025-04-17,444,444,IBM,2025-04-17,175.0,77.5,call,0,49,0.64055,0.98155,0.00096,-0.05452,0.03332,0.14383,0.079452,3.235701,3.241247,2025-04-17
2025-04-17,446,446,IBM,2025-04-17,180.0,65.1,call,0,68,0.62713,0.97578,0.00123,-0.06293,0.04195,0.14673,0.079452,2.310861,65.1,2025-04-17
2025-04-17,447,447,IBM,2025-04-17,180.0,0.15,put,2,150,0.39589,-0.00119,0.00013,-0.00182,0.0029,-0.00026,0.079452,30.12026,0.15,2025-04-17
2025-04-17,448,448,IBM,2025-04-17,185.0,73.01,call,0,123,0.57271,0.97616,0.00133,-0.05934,0.0414,0.15109,0.079452,1.24867,73.01,2025-04-17
2025-04-17,449,449,IBM,2025-04-17,185.0,0.15,put,4,371,0.36647,-0.00127,0.00016,-0.00179,0.0031,-0.00028,0.079452,34.84639,0.15,2025-04-17
2025-04-17,450,450,IBM,2025-04-17,190.0,58.6,call,0,570,0.50138,0.98017,0.0013,-0.05049,0.03544,0.15628,0.079452,0.4777809,58.6,2025-04-17
2025-04-17,452,452,IBM,2025-04-17,195.0,56.0,call,0,154,0.5183,0.96585,0.00198,-0.06863,0.05583,0.15721,0.079452,0.3693562,56.0,2025-04-17
2025-04-17,453,453,IBM,2025-04-17,195.0,0.24,put,1,670,0.45046,-0.01894,0.00139,-0.02416,0.03407,-0.00427,0.079452,44.84944,0.24,2025-04-17
2025-04-17,454,454,IBM,2025-04-17,200.0,54.89,call,3,168,0.46814,0.96542,0.00222,-0.06514,0.05641,0.16139,0.079452,0.1219438,54.89,2025-04-17
2025-04-17,455,455,IBM,2025-04-17,200.0,0.22,put,14,827,0.42592,-0.0236,0.00177,-0.02746,0.04105,-0.00532,0.079452,49.74184,0.22,2025-04-17
2025-04-17,456,456,IBM,2025-04-17,205.0,47.15,call,0,168,0.45214,0.95444,0.00287,-0.07426,0.07058,0.16312,0.079452,0.05395882,47.15,2025-04-17
2025-04-17,457,457,IBM,2025-04-17,205.0,0.49,put,6,1310,0.39254,-0.02697,0.00215,-0.02822,0.04591,-0.00606,0.079452,54.68881,0.49,2025-04-17
2025-04-17,458,458,IBM,2025-04-17,210.0,44.31,call,3,435,0.41952,0.94672,0.00351,-0.07725,0.07997,0.16564,0.079452,0.01430866,44.31,2025-04-17
2025-04-17,459,459,IBM,2025-04-17,210.0,0.5,put,7,1052,0.4026,-0.0468,0.0033,-0.04535,0.07212,-0.01057,0.079452,59.67569,0.5,2025-04-17
2025-04-17,460,460,IBM,2025-04-17,215.0,33.1,call,0,145,0.39208,0.93481,0.0044,-0.0826,0.09369,0.1672,0.079452,0.003124363,33.1,2025-04-17
2025-04-17,461,461,IBM,2025-04-17,215.0,0.5,put,14,1075,0.34391,-0.04368,0.00365,-0.03648,0.06823,-0.00978,0.079452,64.65908,0.5,2025-04-17
2025-04-17,462,462,IBM,2025-04-17,220.0,28.74,call,0,264,0.29376,0.957,0.00422,-0.05658,0.06736,0.17659,0.079452,6.168433e-06,28.74,2025-04-17
2025-04-17,463,463,IBM,2025-04-17,220.0,0.68,put,103,783,0.33461,-0.06445,0.00511,-0.0481,0.09286,-0.01446,0.079452,69.65079,0.68,2025-04-17
2025-04-17,464,464,IBM,2025-04-17,225.0,29.67,call,3,2469,0.33095,0.9034,0.00701,-0.09089,0.12614,0.16866,0.079452,2.699639e-05,29.67,2025-04-17
2025-04-17,465,465,IBM,2025-04-17,225.0,0.99,put,37,2460,0.31922,-0.08922,0.00686,-0.05845,0.11895,-0.02003,0.079452,74.64276,0.99,2025-04-17
2025-04-17,466,466,IBM,2025-04-17,230.0,26.3,call,3,2475,0.28446,0.89141,0.00888,-0.08681,0.13734,0.17033,0.079452,1.432267e-07,26.3,2025-04-17
2025-04-17,467,467,IBM,2025-04-17,230.0,1.47,put,75,3971,0.30748,-0.12545,0.0091,-0.07151,0.15215,-0.0282,0.079452,79.63481,1.47,2025-04-17
2025-04-17,468,468,IBM,2025-04-17,235.0,21.2,call,11,1301,0.27958,0.83897,0.01185,-0.10396,0.18013,0.16272,0.079452,1.689538e-08,21.2,2025-04-17
2025-04-17,469,469,IBM,2025-04-17,235.0,2.1,put,33,744,0.29604,-0.17365,0.01175,-0.08484,0.18911,-0.03911,0.079452,84.62687,2.1,2025-04-17
2025-04-17,470,470,IBM,2025-04-17,240.0,16.75,call,6,615,0.27257,0.77295,0.015,-0.11893,0.22224,0.15197,0.079452,1.230338e-09,16.75,2025-04-17
2025-04-17,471,471,IBM,2025-04-17,240.0,2.9,put,2077,1393,0.28736,-0.23753,0.01459,-0.09813,0.22789,-0.05365,0.079452,89.61893,2.9,2025-04-17
2025-04-17,472,472,IBM,2025-04-17,245.0,14.0,call,43,479,0.28065,0.68341,0.01721,-0.13773,0.26245,0.13553,0.079452,7.395828e-10,14.0,2025-04-17
2025-04-17,473,473,IBM,2025-04-17,245.0,4.32,put,105,2373,0.27867,-0.31559,0.01731,-0.10781,0.2621,-0.07152,0.079452,94.61099,4.32,2025-04-17
2025-04-17,474,474,IBM,2025-04-17,250.0,10.71,call,22,1336,0.2558,0.59678,0.02053,-0.13453,0.28541,0.12009,0.079452,1.553706e-12,10.71,2025-04-17
2025-04-17,475,475,IBM,2025-04-17,250.0,6.1,put,33,1341,0.27226,-0.40716,0.01933,-0.11269,0.28611,-0.0927,0.079452,99.60306,6.1,2025-04-17
2025-04-17,476,476,IBM,2025-04-17,255.0,7.34,call,53,1817,0.26251,0.49276,0.02061,-0.13844,0.29406,0.09975,0.079452,8.472633e-13,7.34,2025-04-17
2025-04-17,477,477,IBM,2025-04-17,255.0,8.11,put,13,1488,0.26205,-0.50731,0.02065,-0.10808,0.29406,-0.11603,0.079452,104.5951,8.11,2025-04-17
2025-04-17,478,478,IBM,2025-04-17,260.0,5.45,call,62,1729,0.25458,0.38867,0.02042,-0.12711,0.28258,0.07933,0.079452,1.90194e-14,5.45,2025-04-17
2025-04-17,479,479,IBM,2025-04-17,260.0,10.75,put,24,1349,0.27059,-0.60316,0.01933,-0.10459,0.28422,-0.13932,0.079452,109.5872,10.75,2025-04-17
2025-04-17,480,480,IBM,2025-04-17,265.0,3.57,call,130,2670,0.24909,0.29012,0.01864,-0.10973,0.25241,0.0596,0.079452,5.317934e-16,3.57,2025-04-17
2025-04-17,481,481,IBM,2025-04-17,265.0,14.0,put,2,409,0.26845,-0.69417,0.01772,-0.08936,0.25855,-0.16169,0.079452,114.5792,14.0,2025-04-17
2025-04-17,482,482,IBM,2025-04-17,270.0,2.1,call,32,1685,0.24696,0.20664,0.01568,-0.08979,0.21046,0.04266,0.079452,3.01818e-17,2.1,2025-04-17
2025-04-17,483,483,IBM,2025-04-17,270.0,18.05,put,2,488,0.27272,-0.76844,0.01516,-0.07357,0.22471,-0.18094,0.079452,119.5713,18.05,2025-04-17
2025-04-17,484,484,IBM,2025-04-17,275.0,1.24,call,34,1828,0.2398,0.13409,0.01222,-0.06551,0.15932,0.02782,0.079452,2.810739e-19,1.24,2025-04-17
2025-04-17,486,486,IBM,2025-04-17,280.0,0.8,call,98,720,0.24315,0.08926,0.009,-0.04926,0.11899,0.01857,0.079452,7.924491e-20,0.8,2025-04-17
2025-04-17,488,488,IBM,2025-04-17,285.0,0.47,call,18,1565,0.24894,0.05982,0.00648,-0.03692,0.08761,0.01246,0.079452,5.588044e-20,0.47,2025-04-17
2025-04-17,490,490,IBM,2025-04-17,290.0,0.39,call,4,934,0.2558,0.04041,0.00461,-0.02761,0.06406,0.00843,0.079452,5.984016e-20,0.39,2025-04-17
2025-04-17,491,491,IBM,2025-04-17,290.0,38.95,put,1,0,0.34909,-0.8954,0.00705,-0.04399,0.13368,-0.22397,0.079452,139.5395,140.5214,2025-04-17
2025-04-17,492,492,IBM,2025-04-17,295.0,0.24,call,0,309,0.29742,0.04575,0.00438,-0.03529,0.07081,0.00949,0.079452,8.895876e-16,0.24,2025-04-17
2025-04-17,494,494,IBM,2025-04-17,300.0,0.13,call,16,492,0.27501,0.0206,0.00245,-0.01683,0.0366,0.0043,0.079452,4.1407009999999997e-19,0.13,2025-04-17
2025-04-17,496,496,IBM,2025-04-17,305.0,0.09,call,0,66,0.218,0.00216,0.00042,-0.00182,0.005,0.00045,0.079452,5.6494890000000005e-31,0.09,2025-04-17
2025-04-17,498,498,IBM,2025-04-17,310.0,0.46,call,0,24,0.23538,0.00201,0.00037,-0.00185,0.00471,0.00042,0.079452,6.117888e-28,6.119441e-28,2025-04-17
2025-04-17,500,500,IBM,2025-04-17,315.0,0.29,call,0,13,0.2523,0.00189,0.00032,-0.00186,0.00444,0.0004,0.079452,1.619422e-25,1.619808e-25,2025-04-17
2025-04-17,502,502,IBM,2025-04-17,320.0,0.2,call,0,23,0.26876,0.00178,0.00029,-0.00187,0.0042,0.00037,0.079452,1.508103e-23,1.5084410000000002e-23,2025-04-17
2025-04-17,504,504,IBM,2025-04-17,325.0,0.33,call,0,3,0.28492,0.00169,0.00026,-0.00189,0.004,0.00035,0.079452,6.697879000000001e-22,6.699305e-22,2025-04-17
2025-04-17,506,506,IBM,2025-04-17,330.0,0.2,call,0,790,0.35946,0.00714,0.00075,-0.00869,0.01462,0.00148,0.079452,1.136991e-14,0.2,2025-04-17
2025-04-17,508,508,IBM,2025-04-17,340.0,0.07,call,2,565,0.33156,0.00147,0.0002,-0.00193,0.00354,0.00031,0.079452,2.766176e-18,0.07,2025-04-17
2025-04-25,542,542,IBM,2025-04-25,210.0,37.6,call,0,2,0.46022,0.91044,0.00425,-0.10085,0.13379,0.19734,0.10137,0.09990799,0.1005976,2025-04-25
2025-04-25,545,545,IBM,2025-04-25,215.0,1.85,put,48,24,0.43339,-0.10538,0.00509,-0.08037,0.15075,-0.03053,0.10137,64.60138,65.10475,2025-04-25
2025-04-25,547,547,IBM,2025-04-25,220.0,1.77,put,1,20,0.42348,-0.13319,0.00614,-0.09228,0.17788,-0.03867,0.10137,69.57148,70.21161,2025-04-25
2025-04-25,548,548,IBM,2025-04-25,225.0,28.0,call,0,3,0.41693,0.83194,0.00729,-0.13216,0.20772,0.19036,0.10137,0.008085316,0.008172238,2025-04-25
2025-04-25,549,549,IBM,2025-04-25,225.0,3.04,put,10,20,0.40808,-0.1636,0.00732,-0.10152,0.20414,-0.04754,0.10137,74.55054,75.33876,2025-04-25
2025-04-25,551,551,IBM,2025-04-25,230.0,4.0,put,5,9,0.42318,-0.21454,0.00834,-0.12394,0.24131,-0.06288,0.10137,79.53958,80.53243,2025-04-25
2025-04-25,552,552,IBM,2025-04-25,235.0,21.29,call,0,14,0.37501,0.75808,0.01007,-0.14406,0.25818,0.17951,0.10137,0.0004839778,0.0004904691,2025-04-25
2025-04-25,553,553,IBM,2025-04-25,235.0,5.08,put,3,11,0.39665,-0.2518,0.00973,-0.12595,0.26377,-0.0737,0.10137,84.52523,85.68111,2025-04-25
2025-04-25,554,554,IBM,2025-04-25,240.0,20.6,call,2,1,0.39254,0.69512,0.01079,-0.16413,0.2896,0.16561,0.10137,0.0005091088,0.0005167554,2025-04-25
2025-04-25,555,555,IBM,2025-04-25,240.0,6.51,put,11,38,0.38827,-0.30341,0.01088,-0.13395,0.28897,-0.08911,0.10137,89.51434,90.85638,2025-04-25
2025-04-25,556,556,IBM,2025-04-25,245.0,17.45,call,2,5,0.37013,0.64182,0.0122,-0.16378,0.30882,0.15523,0.10137,8.342711e-05,8.47662e-05,2025-04-25
2025-04-25,558,558,IBM,2025-04-25,250.0,15.28,call,5,132,0.38171,0.57696,0.0124,-0.174,0.32373,0.14029,0.10137,7.218867e-05,15.28,2025-04-25
2025-04-25,559,559,IBM,2025-04-25,250.0,9.99,put,36,28,0.37775,-0.42275,0.01253,-0.14284,0.32368,-0.12538,0.10137,99.49372,101.1663,2025-04-25
2025-04-25,560,560,IBM,2025-04-25,255.0,12.05,call,5,17,0.37409,0.51341,0.01289,-0.17212,0.3297,0.12602,0.10137,2.179621e-05,2.216957e-05,2025-04-25
2025-04-25,561,561,IBM,2025-04-25,255.0,12.55,put,4,17,0.37241,-0.48675,0.01295,-0.1413,0.3297,-0.14517,0.10137,104.4836,106.2736,2025-04-25
2025-04-25,562,562,IBM,2025-04-25,260.0,10.02,call,2,42,0.36876,0.44878,0.01298,-0.167,0.32716,0.11104,0.10137,6.975528e-06,7.094161e-06,2025-04-25
2025-04-25,563,563,IBM,2025-04-25,260.0,15.63,put,1,121,0.3654,-0.55213,0.01309,-0.13483,0.32707,-0.16561,0.10137,109.4734,15.63,2025-04-25
2025-04-25,564,564,IBM,2025-04-25,265.0,8.05,call,6,15,0.34864,0.37824,0.01319,-0.15103,0.3144,0.09463,0.10137,6.556207e-07,6.663595e-07,2025-04-25
2025-04-25,566,566,IBM,2025-04-25,270.0,6.04,call,1,132,0.35976,0.32424,0.01209,-0.14617,0.29733,0.08131,0.10137,6.633769e-07,6.04,2025-04-25
2025-04-25,568,568,IBM,2025-04-25,275.0,4.7,call,8,31,0.35824,0.26928,0.01115,-0.13294,0.27304,0.06787,0.10137,2.417938e-07,2.452296e-07,2025-04-25
2025-04-25,570,570,IBM,2025-04-25,280.0,3.5,call,89,22,0.35595,0.2193,0.01004,-0.11769,0.24439,0.05554,0.10137,8.015168e-08,8.117133e-08,2025-04-25
2025-04-25,572,572,IBM,2025-04-25,285.0,2.75,call,13,10,0.35687,0.17774,0.00882,-0.1035,0.21526,0.04517,0.10137,3.519859e-08,3.559295e-08,2025-04-25
2025-04-25,574,574,IBM,2025-04-25,290.0,1.97,call,4,28,0.35687,0.14161,0.0076,-0.08887,0.18548,0.03611,0.10137,1.41049e-08,1.424107e-08,2025-04-25
2025-04-25,576,576,IBM,2025-04-25,295.0,1.51,call,37,4,0.35595,0.11065,0.00642,-0.0744,0.15615,0.0283,0.10137,5.090691e-09,5.132071e-09,2025-04-25
2025-04-25,578,578,IBM,2025-04-25,300.0,0.82,call,0,3,0.34757,0.08027,0.00519,-0.05721,0.12324,0.02063,0.10137,7.565104e-10,7.613683e-10,2025-04-25
2025-04-25,586,586,IBM,2025-04-25,320.0,0.58,call,0,1,0.23873,0.00179,0.00029,-0.0015,0.00473,0.00047,0.10137,2.2457960000000002e-23,2.2463590000000003e-23,2025-04-25
2025-04-25,590,590,IBM,2025-04-25,330.0,0.71,call,0,6,0.26739,0.00162,0.00024,-0.00153,0.00432,0.00043,0.10137,2.521671e-20,2.522246e-20,2025-04-25
2025-05-02,616,616,IBM,2025-05-02,190.0,58.94,call,0,3,0.50183,0.95787,0.00199,-0.06508,0.08072,0.22368,0.120548,1.216921,1.221953,2025-05-02
2025-05-02,620,620,IBM,2025-05-02,200.0,49.43,call,0,30,0.4244,0.95264,0.00259,-0.06299,0.08869,0.23459,0.120548,0.2559633,0.2571315,2025-05-02
2025-05-02,621,621,IBM,2025-05-02,200.0,1.02,put,8,0,0.42866,-0.04887,0.00263,-0.04081,0.09095,-0.01663,0.120548,49.79027,50.02324,2025-05-02
2025-05-02,625,625,IBM,2025-05-02,210.0,0.65,put,1,2,0.41738,-0.08576,0.00418,-0.06107,0.14068,-0.02932,0.120548,59.58674,60.01833,2025-05-02
2025-05-02,627,627,IBM,2025-05-02,215.0,2.1,put,5,3,0.41251,-0.11103,0.00511,-0.07264,0.17,-0.03807,0.120548,64.53417,65.09919,2025-05-02
2025-05-02,633,633,IBM,2025-05-02,230.0,4.45,put,5,2,0.38537,-0.21067,0.00834,-0.10177,0.25931,-0.07273,0.120548,79.45115,80.51441,2025-05-02
2025-05-02,634,634,IBM,2025-05-02,235.0,21.49,call,0,1,0.38354,0.74194,0.00938,-0.14027,0.29017,0.20503,0.120548,0.002587526,0.00262628,2025-05-02
2025-05-02,635,635,IBM,2025-05-02,235.0,7.1,put,1,0,0.39482,-0.2628,0.0092,-0.11709,0.29291,-0.09145,0.120548,84.43794,85.71342,2025-05-02
2025-05-02,637,637,IBM,2025-05-02,240.0,6.86,put,1,4,0.38994,-0.31248,0.01011,-0.12447,0.31792,-0.1092,0.120548,89.42386,90.89055,2025-05-02
2025-05-02,638,638,IBM,2025-05-02,245.0,18.25,call,1,3,0.37059,0.63705,0.01127,-0.15267,0.33692,0.18016,0.120548,0.0004288458,0.0004363117,2025-05-02
2025-05-02,639,639,IBM,2025-05-02,245.0,8.65,put,1,4,0.36769,-0.3623,0.01135,-0.12265,0.33671,-0.12659,0.120548,94.4104,96.05343,2025-05-02
2025-05-02,640,640,IBM,2025-05-02,250.0,15.62,call,1,0,0.3526,0.57947,0.01235,-0.15021,0.35114,0.16609,0.120548,8.482997e-05,8.637172e-05,2025-05-02
2025-05-02,641,641,IBM,2025-05-02,250.0,11.27,put,1,1,0.37104,-0.42193,0.01174,-0.12774,0.35139,-0.14853,0.120548,99.39821,101.2029,2025-05-02
2025-05-02,642,642,IBM,2025-05-02,255.0,13.21,call,2,4,0.37211,0.51869,0.01193,-0.15877,0.35788,0.14895,0.120548,0.0001211599,0.0001234002,2025-05-02
2025-05-02,643,643,IBM,2025-05-02,255.0,12.66,put,9,0,0.37043,-0.48147,0.01198,-0.12804,0.35788,-0.17064,0.120548,104.3861,106.3165,2025-05-02
2025-05-02,644,644,IBM,2025-05-02,260.0,10.0,call,2,0,0.35397,0.45546,0.01247,-0.14944,0.35604,0.13235,0.120548,2.081733e-05,2.12009e-05,2025-05-02
2025-05-02,648,648,IBM,2025-05-02,270.0,6.38,call,2,9,0.34345,0.3341,0.0118,-0.13128,0.32683,0.09847,0.120548,2.076004e-06,2.111154e-06,2025-05-02
2025-05-02,652,652,IBM,2025-05-02,280.0,4.05,call,3,3,0.33903,0.23027,0.00998,-0.10701,0.27287,0.06856,0.120548,2.732007e-07,2.770645e-07,2025-05-02
2025-05-02,656,656,IBM,2025-05-02,290.0,2.32,call,13,0,0.34117,0.15331,0.00772,-0.08311,0.21245,0.04596,0.120548,6.159541e-08,6.227348e-08,2025-05-02
2025-05-16,682,682,IBM,2025-05-16,135.0,126.75,call,0,10,0.57607,0.99772,0.00012,-0.01935,0.00733,0.21932,0.158904,22.13908,22.14733,2025-05-16
2025-05-16,688,688,IBM,2025-05-16,150.0,101.2,call,0,3,0.51006,0.99615,0.00022,-0.02253,0.01174,0.24312,0.158904,12.36644,12.37384,2025-05-16
2025-05-16,696,696,IBM,2025-05-16,170.0,79.48,call,0,1,0.45991,0.98818,0.00065,-0.03176,0.03161,0.27222,0.158904,4.416356,4.42348,2025-05-16
2025-05-16,700,700,IBM,2025-05-16,180.0,74.66,call,0,4,0.46372,0.97393,0.00127,-0.04435,0.06209,0.28212,0.158904,2.671558,2.680021,2025-05-16
2025-05-16,704,704,IBM,2025-05-16,190.0,62.85,call,0,1,0.42866,0.96204,0.00188,-0.05141,0.0847,0.29316,0.158904,1.137769,1.142694,2025-05-16
2025-05-16,705,705,IBM,2025-05-16,190.0,0.89,put,1,8,0.44833,-0.04412,0.00203,-0.03432,0.09567,-0.01981,0.158904,40.75054,40.9496,2025-05-16
2025-05-16,706,706,IBM,2025-05-16,195.0,60.62,call,0,3,0.43476,0.94576,0.00247,-0.0621,0.11285,0.29392,0.158904,0.8737835,0.8788217,2025-05-16
2025-05-16,707,707,IBM,2025-05-16,195.0,1.05,put,1,33,0.42973,-0.05242,0.00243,-0.03764,0.10984,-0.02351,0.158904,45.21114,45.46493,2025-05-16
2025-05-16,708,708,IBM,2025-05-16,200.0,51.9,call,0,10,0.39833,0.94291,0.0028,-0.06072,0.11751,0.30095,0.158904,0.3992416,0.4016432,2025-05-16
2025-05-16,709,709,IBM,2025-05-16,200.0,1.26,put,2,136,0.41693,-0.06469,0.00295,-0.04292,0.12956,-0.02902,0.158904,49.87473,1.26,2025-05-16
2025-05-16,710,710,IBM,2025-05-16,205.0,52.85,call,0,7,0.39269,0.92576,0.00349,-0.06889,0.14406,0.30138,0.158904,0.2480091,0.2498388,2025-05-16
2025-05-16,712,712,IBM,2025-05-16,210.0,40.63,call,0,4,0.36479,0.91632,0.00411,-0.06999,0.15773,0.30546,0.158904,0.09637318,0.09715304,2025-05-16
2025-05-16,713,713,IBM,2025-05-16,210.0,2.16,put,4,413,0.39833,-0.10071,0.00432,-0.05679,0.18093,-0.04531,0.158904,59.51569,2.16,2025-05-16
2025-05-16,714,714,IBM,2025-05-16,215.0,37.65,call,0,36,0.34132,0.90249,0.00492,-0.07246,0.17671,0.30757,0.158904,0.03316432,0.0334655,2025-05-16
2025-05-16,715,715,IBM,2025-05-16,215.0,2.61,put,5,408,0.39193,-0.12554,0.00514,-0.06508,0.21177,-0.05663,0.158904,64.42504,2.61,2025-05-16
2025-05-16,716,716,IBM,2025-05-16,220.0,33.64,call,0,91,0.34178,0.87042,0.00602,-0.08339,0.21648,0.30122,0.158904,0.01955506,33.64,2025-05-16
2025-05-16,717,717,IBM,2025-05-16,220.0,3.35,put,14,408,0.38934,-0.15657,0.00601,-0.07471,0.24603,-0.0709,0.158904,69.36812,3.35,2025-05-16
2025-05-16,718,718,IBM,2025-05-16,225.0,29.25,call,0,123,0.34025,0.83396,0.00714,-0.09361,0.25564,0.2928,0.158904,0.01069387,29.25,2025-05-16
2025-05-16,719,719,IBM,2025-05-16,225.0,4.32,put,28,507,0.38019,-0.18852,0.00693,-0.08158,0.27698,-0.08554,0.158904,74.32016,4.32,2025-05-16
2025-05-16,720,720,IBM,2025-05-16,230.0,29.42,call,8,36,0.33415,0.79472,0.0083,-0.10164,0.29165,0.28309,0.158904,0.0048253,0.004897668,2025-05-16
2025-05-16,721,721,IBM,2025-05-16,230.0,5.4,put,41,278,0.38537,-0.2318,0.00772,-0.09281,0.3128,-0.10589,0.158904,79.29477,5.4,2025-05-16
2025-05-16,722,722,IBM,2025-05-16,235.0,27.51,call,0,43,0.3337,0.74694,0.00934,-0.11064,0.32803,0.26918,0.158904,0.002605322,0.00264927,2025-05-16
2025-05-16,723,723,IBM,2025-05-16,235.0,6.6,put,33,220,0.37165,-0.27041,0.00868,-0.09618,0.33938,-0.12367,0.158904,84.26459,6.6,2025-05-16
2025-05-16,724,724,IBM,2025-05-16,240.0,22.7,call,2,67,0.32882,0.69667,0.01036,-0.11654,0.35839,0.25407,0.158904,0.00113303,22.7,2025-05-16
2025-05-16,725,725,IBM,2025-05-16,240.0,8.35,put,44,447,0.36952,-0.31785,0.00941,-0.10208,0.36574,-0.14611,0.158904,89.24425,8.35,2025-05-16
2025-05-16,726,726,IBM,2025-05-16,245.0,19.58,call,1,123,0.32562,0.64148,0.01119,-0.12103,0.38317,0.23637,0.158904,0.000509956,19.58,2025-05-16
2025-05-16,727,727,IBM,2025-05-16,245.0,10.2,put,66,359,0.36586,-0.36769,0.01004,-0.10557,0.38646,-0.16987,0.158904,94.22562,10.2,2025-05-16
2025-05-16,728,728,IBM,2025-05-16,250.0,16.48,call,9,258,0.32196,0.58327,0.01182,-0.12304,0.40023,0.21699,0.158904,0.000215436,16.48,2025-05-16
2025-05-16,729,729,IBM,2025-05-16,250.0,12.25,put,19,1300,0.36799,-0.42017,0.01036,-0.10885,0.40095,-0.19552,0.158904,99.20867,12.25,2025-05-16
2025-05-16,730,730,IBM,2025-05-16,255.0,13.4,call,17,256,0.32668,0.52377,0.01189,-0.12534,0.40845,0.19602,0.158904,0.0001449065,13.4,2025-05-16
2025-05-16,731,731,IBM,2025-05-16,255.0,14.4,put,47,801,0.35915,-0.47337,0.01081,-0.10623,0.40826,-0.22118,0.158904,104.1916,14.4,2025-05-16
2025-05-16,732,732,IBM,2025-05-16,260.0,11.05,call,11,563,0.32394,0.46461,0.01196,-0.12267,0.40756,0.17521,0.158904,6.247691e-05,11.05,2025-05-16
2025-05-16,733,733,IBM,2025-05-16,260.0,17.6,put,3,3568,0.35702,-0.52703,0.01087,-0.10357,0.40823,-0.2479,0.158904,109.1754,17.6,2025-05-16
2025-05-16,734,734,IBM,2025-05-16,265.0,9.0,call,22,642,0.3212,0.40633,0.01177,-0.11762,0.39784,0.1543,0.158904,2.6063e-05,9.0,2025-05-16
2025-05-16,735,735,IBM,2025-05-16,265.0,20.0,put,196,549,0.36799,-0.57498,0.01038,-0.10351,0.40193,-0.27354,0.158904,114.1595,20.0,2025-05-16
2025-05-16,736,736,IBM,2025-05-16,270.0,7.4,call,528,2907,0.31678,0.34914,0.01139,-0.10983,0.37956,0.13349,0.158904,9.252684e-06,7.4,2025-05-16
2025-05-16,738,738,IBM,2025-05-16,275.0,5.82,call,16,368,0.31632,0.29755,0.01068,-0.1019,0.35528,0.11433,0.158904,4.298548e-06,5.82,2025-05-16
2025-05-16,740,740,IBM,2025-05-16,280.0,4.58,call,8,750,0.31525,0.24995,0.00983,-0.09258,0.32589,0.09649,0.158904,1.875397e-06,4.58,2025-05-16
2025-05-16,742,742,IBM,2025-05-16,285.0,3.7,call,5,879,0.30748,0.20133,0.00891,-0.07951,0.28829,0.07821,0.158904,4.272948e-07,3.7,2025-05-16
2025-05-16,744,744,IBM,2025-05-16,290.0,2.81,call,44,460,0.31495,0.17099,0.00786,-0.07317,0.26051,0.06652,0.158904,4.062283e-07,2.81,2025-05-16
2025-05-16,746,746,IBM,2025-05-16,295.0,2.22,call,1,69,0.31479,0.13903,0.00686,-0.06352,0.2272,0.05426,0.158904,1.871012e-07,2.22,2025-05-16
2025-05-16,747,747,IBM,2025-05-16,295.0,43.1,put,12,1,0.37241,-0.81469,0.007,-0.05544,0.27406,-0.41037,0.158904,144.064,146.0885,2025-05-16
2025-05-16,748,748,IBM,2025-05-16,300.0,1.74,call,2,241,0.31479,0.11192,0.0059,-0.05438,0.19526,0.04381,0.158904,8.712586e-08,1.74,2025-05-16
2025-05-16,750,750,IBM,2025-05-16,305.0,1.29,call,144,96,0.31617,0.0902,0.00502,-0.04651,0.16684,0.03539,0.158904,4.697306e-08,1.29,2025-05-16
2025-05-16,751,751,IBM,2025-05-16,305.0,52.05,put,12,3,0.38491,-0.85878,0.00567,-0.04165,0.22963,-0.44347,0.158904,154.0322,155.8444,2025-05-16
2025-05-16,752,752,IBM,2025-05-16,310.0,1.06,call,1,63,0.31922,0.07337,0.00425,-0.04006,0.14278,0.02884,0.158904,3.069757e-08,1.06,2025-05-16
2025-05-16,754,754,IBM,2025-05-16,315.0,0.83,call,6,27,0.32013,0.05822,0.00354,-0.03349,0.11933,0.02293,0.158904,1.601306e-08,1.611143e-08,2025-05-16
2025-05-16,756,756,IBM,2025-05-16,320.0,0.65,call,1,21,0.32653,0.04891,0.00303,-0.02967,0.10394,0.01927,0.158904,1.572128e-08,1.580536e-08,2025-05-16
2025-05-16,758,758,IBM,2025-05-16,325.0,0.5,call,1,6,0.32425,0.03705,0.00243,-0.02349,0.08303,0.01463,0.158904,5.815922e-09,5.840774e-09,2025-05-16
2025-05-16,760,760,IBM,2025-05-16,330.0,0.94,call,0,6,0.33004,0.03099,0.00206,-0.0206,0.07169,0.01225,0.158904,5.548224e-09,5.568683e-09,2025-05-16
2025-05-16,762,762,IBM,2025-05-16,335.0,0.9,call,0,4,0.34421,0.02927,0.00189,-0.02044,0.06837,0.01154,0.158904,1.358375e-08,1.363147e-08,2025-05-16
2025-05-16,764,764,IBM,2025-05-16,340.0,0.5,call,0,2,0.36083,0.02876,0.00178,-0.02108,0.06739,0.01132,0.158904,3.921263e-08,3.934825e-08,2025-05-16
2025-05-16,766,766,IBM,2025-05-16,345.0,0.35,call,0,1,0.37409,0.02725,0.00164,-0.02085,0.06441,0.01071,0.158904,7.551015e-08,7.575953e-08,2025-05-16
2025-06-20,768,768,IBM,2025-06-20,80.0,172.5,call,0,0,0.86859,0.99778,6e-05,-0.01342,0.009,0.20421,0.254795,71.96797,72.00057,2025-06-20
2025-06-20,772,772,IBM,2025-06-20,90.0,125.1,call,0,0,0.10771,1.0,0.0,-0.01056,0.0,0.23162,0.254795,60.45746,60.45746,2025-06-20
2025-06-20,776,776,IBM,2025-06-20,100.0,148.12,call,0,2,0.1011,1.0,0.0,-0.01173,0.0,0.25736,0.254795,50.50829,50.50829,2025-06-20
2025-06-20,786,786,IBM,2025-06-20,125.0,89.7,call,0,0,0.08458,1.0,0.0,-0.01466,0.0,0.3217,0.254795,25.63537,25.63537,2025-06-20
2025-06-20,788,788,IBM,2025-06-20,130.0,92.02,call,0,0,0.08127,1.0,0.0,-0.01525,0.0,0.33456,0.254795,20.66099,20.66099,2025-06-20
2025-06-20,790,790,IBM,2025-06-20,135.0,120.53,call,0,0,0.07797,1.0,0.0,-0.01584,0.0,0.34743,0.254795,15.69035,15.69035,2025-06-20
2025-06-20,792,792,IBM,2025-06-20,140.0,86.65,call,0,3,0.07466,1.0,0.0,-0.01642,0.0,0.3603,0.254795,10.76225,10.76225,2025-06-20
2025-06-20,794,794,IBM,2025-06-20,145.0,109.96,call,0,80,0.07136,1.0,0.0,-0.01701,0.0,0.37317,0.254795,6.113233,109.96,2025-06-20
2025-06-20,796,796,IBM,2025-06-20,150.0,102.21,call,0,86,0.06805,1.0,0.0,-0.0176,0.0,0.38604,0.254795,2.453946,102.21,2025-06-20
2025-06-20,798,798,IBM,2025-06-20,155.0,108.28,call,0,436,0.06475,1.0,0.0,-0.01818,0.0,0.3989,0.254795,0.549254,108.28,2025-06-20
2025-06-20,800,800,IBM,2025-06-20,160.0,95.01,call,1,76,0.06144,1.0,0.0,-0.01877,0.0,0.41177,0.254795,0.05071773,95.01,2025-06-20
2025-06-20,802,802,IBM,2025-06-20,165.0,97.15,call,0,169,0.05814,1.0,0.0,-0.01935,0.0,0.42464,0.254795,0.001351649,97.15,2025-06-20
2025-06-20,804,804,IBM,2025-06-20,170.0,77.5,call,0,258,0.05483,1.0,0.0,-0.01994,0.0,0.43751,0.254795,6.673183e-06,77.5,2025-06-20
2025-06-20,806,806,IBM,2025-06-20,175.0,86.35,call,0,324,0.05153,1.0,0.0,-0.02053,0.0,0.45038,0.254795,3.477211e-09,86.35,2025-06-20
2025-06-20,808,808,IBM,2025-06-20,180.0,81.97,call,0,197,0.04823,1.0,0.0,-0.02111,0.0,0.46324,0.254795,8.850174e-14,81.97,2025-06-20
2025-06-20,809,809,IBM,2025-06-20,180.0,0.85,put,6,708,0.40443,-0.03537,0.00149,-0.02025,0.10058,-0.02534,0.254795,32.63497,0.85,2025-06-20
2025-06-20,810,810,IBM,2025-06-20,185.0,62.69,call,0,448,0.04492,1.0,0.0,-0.0217,0.0,0.47611,0.254795,3.680594e-20,62.69,2025-06-20
2025-06-20,811,811,IBM,2025-06-20,185.0,1.18,put,4,843,0.3997,-0.04535,0.00185,-0.02441,0.12309,-0.03256,0.254795,36.76914,1.18,2025-06-20
2025-06-20,812,812,IBM,2025-06-20,190.0,59.75,call,0,584,0.04162,1.0,0.0,-0.02229,0.0,0.48898,0.254795,5.441146e-29,59.75,2025-06-20
2025-06-20,814,814,IBM,2025-06-20,195.0,57.79,call,0,399,0.18827,0.99798,0.00026,-0.02363,0.00826,0.50048,0.254795,0.01677335,57.79,2025-06-20
2025-06-20,816,816,IBM,2025-06-20,200.0,48.74,call,0,11410,0.26845,0.969,0.00202,-0.03523,0.09023,0.49316,0.254795,0.15735,48.74,2025-06-20
2025-06-20,817,817,IBM,2025-06-20,200.0,1.87,put,5,2801,0.37318,-0.08249,0.00316,-0.03586,0.19636,-0.05942,0.254795,49.93377,1.87,2025-06-20
2025-06-20,818,818,IBM,2025-06-20,210.0,42.3,call,0,1008,0.28446,0.92407,0.00389,-0.04981,0.18441,0.487,0.254795,0.09076954,42.3,2025-06-20
2025-06-20,819,819,IBM,2025-06-20,210.0,2.99,put,2,2405,0.36098,-0.12218,0.00435,-0.04565,0.26146,-0.08839,0.254795,59.37053,2.99,2025-06-20
2025-06-20,820,820,IBM,2025-06-20,220.0,39.2,call,4,2485,0.28842,0.86416,0.00586,-0.06412,0.28141,0.46963,0.254795,0.03906355,39.2,2025-06-20
2025-06-20,821,821,IBM,2025-06-20,220.0,4.4,put,19,1227,0.34833,-0.1741,0.00572,-0.05502,0.3316,-0.12655,0.254795,69.06089,4.4,2025-06-20
2025-06-20,822,822,IBM,2025-06-20,230.0,31.3,call,2,2314,0.29101,0.78562,0.00777,-0.07762,0.37647,0.43792,0.254795,0.01601494,31.3,2025-06-20
2025-06-20,823,823,IBM,2025-06-20,230.0,6.81,put,19,2222,0.33949,-0.24156,0.00712,-0.06388,0.40263,-0.17682,0.254795,78.90168,6.81,2025-06-20
2025-06-20,824,824,IBM,2025-06-20,240.0,24.4,call,9,1653,0.29528,0.69129,0.00924,-0.08855,0.45448,0.39308,0.254795,0.007015191,24.4,2025-06-20
2025-06-20,825,825,IBM,2025-06-20,240.0,10.25,put,5,674,0.33324,-0.32244,0.00834,-0.07035,0.46299,-0.23815,0.254795,88.80735,10.25,2025-06-20
2025-06-20,826,826,IBM,2025-06-20,250.0,18.3,call,8,2749,0.29269,0.59065,0.01029,-0.09285,0.50152,0.34218,0.254795,0.002254875,18.3,2025-06-20
2025-06-20,827,827,IBM,2025-06-20,250.0,13.87,put,11,925,0.33903,-0.41297,0.0089,-0.07556,0.50256,-0.30965,0.254795,98.74401,13.87,2025-06-20
2025-06-20,828,828,IBM,2025-06-20,260.0,13.35,call,19,1694,0.28964,0.4859,0.01067,-0.09147,0.51454,0.28595,0.254795,0.0006643474,13.35,2025-06-20
2025-06-20,829,829,IBM,2025-06-20,260.0,18.75,put,26,380,0.32486,-0.50579,0.00951,-0.07059,0.51481,-0.38242,0.254795,108.6822,18.75,2025-06-20
2025-06-20,830,830,IBM,2025-06-20,270.0,9.35,call,12,3711,0.28385,0.38221,0.01041,-0.08394,0.49226,0.22816,0.254795,0.0001521604,9.35,2025-06-20
2025-06-20,832,832,IBM,2025-06-20,280.0,6.3,call,32,3403,0.28278,0.28998,0.00938,-0.07372,0.44176,0.17488,0.254795,4.432789e-05,6.3,2025-06-20
2025-06-20,834,834,IBM,2025-06-20,290.0,4.3,call,10,767,0.28355,0.21356,0.00795,-0.06197,0.37562,0.1298,0.254795,1.457884e-05,4.3,2025-06-20
2025-06-20,836,836,IBM,2025-06-20,300.0,2.86,call,12,1366,0.28492,0.15319,0.00643,-0.05003,0.30515,0.0937,0.254795,5.052375e-06,2.86,2025-06-20
2025-06-20,838,838,IBM,2025-06-20,310.0,1.93,call,2,236,0.28827,0.10894,0.00502,-0.03961,0.24099,0.06694,0.254795,2.135277e-06,1.93,2025-06-20
2025-06-20,840,840,IBM,2025-06-20,320.0,1.28,call,1,318,0.29223,0.07687,0.00382,-0.03079,0.18615,0.04741,0.254795,9.901009e-07,1.28,2025-06-20
2025-06-20,842,842,IBM,2025-06-20,330.0,1.13,call,0,381,0.29162,0.05086,0.00278,-0.02215,0.13493,0.03151,0.254795,2.956502e-07,1.13,2025-06-20
2025-06-20,844,844,IBM,2025-06-20,340.0,1.25,call,0,291,0.3029,0.03894,0.00216,-0.01845,0.10881,0.02413,0.254795,3.168544e-07,1.25,2025-06-20
2025-06-20,846,846,IBM,2025-06-20,350.0,0.35,call,4,33,0.29483,0.0223,0.0014,-0.01127,0.06852,0.0139,0.254795,4.311787e-08,4.326861e-08,2025-06-20
2025-07-18,862,862,IBM,2025-07-18,140.0,125.73,call,0,0,0.0578,1.0,0.0,-0.01637,0.0,0.46495,0.331507,10.94422,10.94422,2025-07-18
2025-07-18,868,868,IBM,2025-07-18,155.0,65.22,call,0,10,0.05013,1.0,0.0,-0.01812,0.0,0.51476,0.331507,0.4354198,0.4354198,2025-07-18
2025-07-18,870,870,IBM,2025-07-18,160.0,104.16,call,0,10,0.04757,1.0,0.0,-0.01871,0.0,0.53137,0.331507,0.02629309,0.02629309,2025-07-18
2025-07-18,872,872,IBM,2025-07-18,165.0,95.56,call,0,13,0.04501,1.0,0.0,-0.01929,0.0,0.54797,0.331507,0.0003232745,0.0003232745,2025-07-18
2025-07-18,874,874,IBM,2025-07-18,170.0,90.5,call,0,7,0.04245,1.0,0.0,-0.01987,0.0,0.56458,0.331507,4.606145e-07,4.606145e-07,2025-07-18
2025-07-18,878,878,IBM,2025-07-18,180.0,77.15,call,0,13,0.26678,0.99109,0.00062,-0.0246,0.0354,0.58978,0.331507,1.578785,1.581628,2025-07-18
2025-07-18,880,880,IBM,2025-07-18,185.0,40.11,call,0,4,0.28248,0.9812,0.00111,-0.02877,0.06746,0.59736,0.331507,1.366688,1.371374,2025-07-18
2025-07-18,882,882,IBM,2025-07-18,190.0,62.31,call,0,11,0.30275,0.96404,0.00178,-0.03533,0.11602,0.59806,0.331507,1.28144,1.288988,2025-07-18
2025-07-18,884,884,IBM,2025-07-18,195.0,36.48,call,0,49,0.29071,0.95665,0.00215,-0.03736,0.13505,0.60794,0.331507,0.7824973,0.7878653,2025-07-18
2025-07-18,886,886,IBM,2025-07-18,200.0,52.0,call,0,48,0.25153,0.96263,0.00221,-0.03443,0.11973,0.63039,0.331507,0.247989,0.249501,2025-07-18
2025-07-18,887,887,IBM,2025-07-18,200.0,2.36,put,1,779,0.35351,-0.09365,0.00322,-0.03219,0.24559,-0.08819,0.331507,50.01727,2.36,2025-07-18
2025-07-18,888,888,IBM,2025-07-18,205.0,49.15,call,0,41,0.25931,0.94168,0.00306,-0.04013,0.17109,0.62769,0.331507,0.1942999,0.1959917,2025-07-18
2025-07-18,890,890,IBM,2025-07-18,210.0,49.97,call,0,52,0.26525,0.91632,0.00395,-0.0462,0.22584,0.62074,0.331507,0.1475966,49.97,2025-07-18
2025-07-18,891,891,IBM,2025-07-18,210.0,3.9,put,14,113,0.34284,-0.13388,0.00429,-0.03972,0.31703,-0.12667,0.331507,59.29495,3.9,2025-07-18
2025-07-18,892,892,IBM,2025-07-18,215.0,44.0,call,5,399,0.28294,0.87721,0.00489,-0.05547,0.29855,0.6002,0.331507,0.1550885,44.0,2025-07-18
2025-07-18,894,894,IBM,2025-07-18,220.0,38.5,call,0,254,0.2773,0.85051,0.00571,-0.05934,0.34161,0.59177,0.331507,0.08914522,38.5,2025-07-18
2025-07-18,895,895,IBM,2025-07-18,220.0,5.35,put,35,196,0.33857,-0.18862,0.00543,-0.04827,0.39671,-0.17989,0.331507,68.905,5.35,2025-07-18
2025-07-18,896,896,IBM,2025-07-18,225.0,36.75,call,1,104,0.28294,0.81175,0.00649,-0.06568,0.39624,0.57109,0.331507,0.06990947,36.75,2025-07-18
2025-07-18,897,897,IBM,2025-07-18,225.0,6.65,put,67,212,0.32882,-0.21601,0.00607,-0.05025,0.43026,-0.20622,0.331507,73.73252,6.65,2025-07-18
2025-07-18,898,898,IBM,2025-07-18,230.0,33.15,call,1,257,0.28431,0.77268,0.00723,-0.07056,0.44298,0.54992,0.331507,0.04854571,33.15,2025-07-18
2025-07-18,899,899,IBM,2025-07-18,230.0,7.87,put,428,288,0.32501,-0.24945,0.00665,-0.05317,0.46611,-0.23903,0.331507,78.62681,7.87,2025-07-18
2025-07-18,900,900,IBM,2025-07-18,235.0,29.91,call,7,421,0.28248,0.73248,0.00793,-0.07407,0.48331,0.52753,0.331507,0.03017279,29.91,2025-07-18
2025-07-18,901,901,IBM,2025-07-18,235.0,9.25,put,14,239,0.32455,-0.2868,0.00714,-0.05624,0.50005,-0.27633,0.331507,83.5517,9.25,2025-07-18
2025-07-18,902,902,IBM,2025-07-18,240.0,25.87,call,1,344,0.30047,0.68176,0.00809,-0.08131,0.52394,0.49196,0.331507,0.03708968,25.87,2025-07-18
2025-07-18,903,903,IBM,2025-07-18,240.0,11.59,put,2,658,0.32028,-0.32473,0.00765,-0.05773,0.52835,-0.31413,0.331507,88.48096,11.59,2025-07-18
2025-07-18,904,904,IBM,2025-07-18,245.0,23.41,call,6,145,0.28598,0.64197,0.00889,-0.08031,0.54835,0.47059,0.331507,0.01482593,23.41,2025-07-18
2025-07-18,905,905,IBM,2025-07-18,245.0,13.3,put,1,267,0.32135,-0.36576,0.00797,-0.05961,0.55236,-0.35622,0.331507,93.43001,13.3,2025-07-18
2025-07-18,906,906,IBM,2025-07-18,250.0,20.05,call,20,656,0.27989,0.59628,0.00942,-0.08026,0.5687,0.44202,0.331507,0.007467803,20.05,2025-07-18
2025-07-18,907,907,IBM,2025-07-18,250.0,15.35,put,1,1108,0.31708,-0.40692,0.00833,-0.05943,0.56983,-0.39811,0.331507,98.37831,15.35,2025-07-18
2025-07-18,908,908,IBM,2025-07-18,255.0,17.35,call,16,221,0.27867,0.54842,0.00968,-0.0803,0.58153,0.40989,0.331507,0.004517021,17.35,2025-07-18
2025-07-18,909,909,IBM,2025-07-18,255.0,18.05,put,7,206,0.31678,-0.44914,0.00851,-0.05925,0.58108,-0.44236,0.331507,103.336,18.05,2025-07-18
2025-07-18,910,910,IBM,2025-07-18,260.0,15.1,call,25,326,0.27699,0.50027,0.00981,-0.07923,0.58585,0.37681,0.331507,0.002635734,15.1,2025-07-18
2025-07-18,911,911,IBM,2025-07-18,260.0,20.8,put,1,140,0.31571,-0.49135,0.0086,-0.05802,0.58571,-0.48716,0.331507,108.296,20.8,2025-07-18
2025-07-18,912,912,IBM,2025-07-18,265.0,13.18,call,3,289,0.27531,0.45245,0.0098,-0.07718,0.58168,0.34324,0.331507,0.00151392,13.18,2025-07-18
2025-07-18,913,913,IBM,2025-07-18,265.0,23.15,put,1,76,0.31495,-0.53303,0.0086,-0.05601,0.58384,-0.53225,0.331507,113.2584,23.15,2025-07-18
2025-07-18,914,914,IBM,2025-07-18,270.0,11.32,call,5,234,0.27516,0.40646,0.0096,-0.07464,0.56967,0.31017,0.331507,0.0009368232,11.32,2025-07-18
2025-07-18,916,916,IBM,2025-07-18,275.0,9.19,call,1,220,0.27242,0.36067,0.00936,-0.07063,0.54974,0.27704,0.331507,0.0004904995,9.19,2025-07-18
2025-07-18,918,918,IBM,2025-07-18,280.0,7.95,call,58,209,0.27287,0.31933,0.00892,-0.06688,0.52469,0.24643,0.331507,0.0003104164,7.95,2025-07-18
2025-07-18,920,920,IBM,2025-07-18,285.0,6.65,call,3,178,0.27211,0.27982,0.00842,-0.0623,0.49418,0.21698,0.331507,0.0001804438,6.65,2025-07-18
2025-07-18,922,922,IBM,2025-07-18,290.0,5.35,call,9,298,0.26891,0.24084,0.00789,-0.05661,0.45739,0.18778,0.331507,8.654744e-05,5.35,2025-07-18
2025-07-18,924,924,IBM,2025-07-18,295.0,4.6,call,1,91,0.27257,0.21183,0.00724,-0.05296,0.42539,0.16553,0.331507,6.934705e-05,4.6,2025-07-18
2025-07-18,926,926,IBM,2025-07-18,300.0,3.7,call,5,311,0.27318,0.18302,0.00661,-0.04829,0.38937,0.14347,0.331507,4.425646e-05,3.7,2025-07-18
2025-07-18,928,928,IBM,2025-07-18,305.0,2.73,call,0,126,0.27409,0.15763,0.00599,-0.04379,0.35382,0.12392,0.331507,2.900344e-05,2.73,2025-07-18
2025-07-18,930,930,IBM,2025-07-18,310.0,2.7,call,1,108,0.27547,0.13563,0.00538,-0.03958,0.31986,0.10689,0.331507,1.985308e-05,2.7,2025-07-18
2025-07-18,932,932,IBM,2025-07-18,320.0,1.62,call,0,48,0.27851,0.0998,0.00428,-0.03192,0.25734,0.07898,0.331507,9.711136e-06,9.838167e-06,2025-07-18
2025-07-18,934,934,IBM,2025-07-18,330.0,1.35,call,0,12,0.28156,0.07279,0.00335,-0.02529,0.20317,0.05781,0.331507,4.883843e-06,4.934273e-06,2025-07-18
2025-07-18,936,936,IBM,2025-07-18,340.0,0.81,call,10,686,0.28553,0.05338,0.00259,-0.02001,0.15953,0.04251,0.331507,2.755388e-06,0.81,2025-07-18
2025-07-18,938,938,IBM,2025-07-18,350.0,1.38,call,0,88,0.32074,0.05795,0.00246,-0.0238,0.17022,0.04572,0.331507,2.255432e-05,1.38,2025-07-18
2025-07-18,940,940,IBM,2025-07-18,360.0,0.79,call,0,2,0.30595,0.03471,0.00171,-0.01499,0.11271,0.02764,0.331507,3.11902e-06,3.136864e-06,2025-07-18
2025-09-19,954,954,IBM,2025-09-19,125.0,101.85,call,0,0,0.04342,1.0,0.0,-0.01451,0.0,0.62308,0.50411,26.25394,26.25394,2025-09-19
2025-09-19,956,956,IBM,2025-09-19,130.0,95.69,call,0,0,0.04172,1.0,0.0,-0.01509,0.0,0.64801,0.50411,21.3041,21.3041,2025-09-19
2025-09-19,960,960,IBM,2025-09-19,140.0,117.52,call,0,3,0.03833,1.0,0.0,-0.01625,0.0,0.69786,0.50411,11.4065,11.4065,2025-09-19
2025-09-19,962,962,IBM,2025-09-19,145.0,108.08,call,0,7,0.03663,1.0,0.0,-0.01683,0.0,0.72278,0.50411,6.525872,6.525872,2025-09-19
2025-09-19,964,964,IBM,2025-09-19,150.0,58.45,call,0,2,0.03494,1.0,0.0,-0.01741,0.0,0.7477,0.50411,2.349728,2.349728,2025-09-19
2025-09-19,966,966,IBM,2025-09-19,155.0,61.3,call,0,1,0.03324,1.0,0.0,-0.01799,0.0,0.77263,0.50411,0.3204208,0.3204208,2025-09-19
2025-09-19,968,968,IBM,2025-09-19,160.0,93.01,call,0,6,0.03154,1.0,0.0,-0.01857,0.0,0.79755,0.50411,0.008528702,0.008528702,2025-09-19
2025-09-19,970,970,IBM,2025-09-19,165.0,98.2,call,0,66,0.02985,1.0,0.0,-0.01915,0.0,0.82247,0.50411,2.155498e-05,98.2,2025-09-19
2025-09-19,972,972,IBM,2025-09-19,170.0,91.32,call,0,164,0.02815,1.0,0.0,-0.01973,0.0,0.8474,0.50411,2.224661e-09,91.32,2025-09-19
2025-09-19,974,974,IBM,2025-09-19,175.0,75.85,call,0,33,0.02645,1.0,0.0,-0.02031,0.0,0.87232,0.50411,3.248485e-15,3.248485e-15,2025-09-19
2025-09-19,976,976,IBM,2025-09-19,180.0,72.67,call,0,75,0.02476,1.0,0.0,-0.02089,0.0,0.89724,0.50411,1.657614e-23,72.67,2025-09-19
2025-09-19,978,978,IBM,2025-09-19,185.0,80.25,call,0,54,0.19879,0.99248,0.00058,-0.02323,0.03748,0.912,0.50411,0.8294047,80.25,2025-09-19
2025-09-19,980,980,IBM,2025-09-19,190.0,62.78,call,0,61,0.23431,0.973,0.00147,-0.02827,0.11254,0.90993,0.50411,1.114819,62.78,2025-09-19
2025-09-19,982,982,IBM,2025-09-19,195.0,58.35,call,0,53,0.24696,0.95445,0.00215,-0.03263,0.17284,0.90874,0.50411,1.00117,58.35,2025-09-19
2025-09-19,983,983,IBM,2025-09-19,195.0,3.58,put,5,256,0.35748,-0.1086,0.00289,-0.02863,0.33646,-0.15925,0.50411,46.6653,3.58,2025-09-19
2025-09-19,984,984,IBM,2025-09-19,200.0,53.0,call,0,111,0.24345,0.9413,0.00266,-0.03514,0.21145,0.91523,0.50411,0.6807121,53.0,2025-09-19
2025-09-19,985,985,IBM,2025-09-19,200.0,4.23,put,1,326,0.3529,-0.12586,0.00325,-0.03113,0.37352,-0.18502,0.50411,50.89566,4.23,2025-09-19
2025-09-19,986,986,IBM,2025-09-19,205.0,55.43,call,2,3343,0.27867,0.89749,0.00355,-0.04457,0.32271,0.87608,0.50411,0.9458612,55.43,2025-09-19
2025-09-19,987,987,IBM,2025-09-19,205.0,5.25,put,5,141,0.3494,-0.14544,0.00362,-0.03374,0.41244,-0.21449,0.50411,55.26875,5.25,2025-09-19
2025-09-19,988,988,IBM,2025-09-19,210.0,46.62,call,0,78,0.27333,0.87794,0.0041,-0.04718,0.3656,0.87289,0.50411,0.6526782,46.62,2025-09-19
2025-09-19,989,989,IBM,2025-09-19,210.0,6.15,put,8,231,0.34559,-0.16667,0.004,-0.03618,0.4512,-0.24656,0.50411,59.73316,6.15,2025-09-19
2025-09-19,990,990,IBM,2025-09-19,215.0,41.25,call,0,94,0.26419,0.85851,0.0047,-0.04901,0.40483,0.87016,0.50411,0.4036917,41.25,2025-09-19
2025-09-19,991,991,IBM,2025-09-19,215.0,7.2,put,5,174,0.34223,-0.18993,0.00439,-0.03851,0.48993,-0.28195,0.50411,64.29214,7.2,2025-09-19
2025-09-19,992,992,IBM,2025-09-19,220.0,42.38,call,0,344,0.26784,0.82674,0.0053,-0.05305,0.46256,0.84815,0.50411,0.3226897,42.38,2025-09-19
2025-09-19,993,993,IBM,2025-09-19,220.0,8.75,put,8,232,0.33888,-0.21493,0.00477,-0.0406,0.52755,-0.32023,0.50411,68.92352,8.75,2025-09-19
2025-09-19,994,994,IBM,2025-09-19,225.0,49.05,call,0,132,0.26922,0.79406,0.00586,-0.05643,0.51448,0.82449,0.50411,0.2455733,49.05,2025-09-19
2025-09-19,995,995,IBM,2025-09-19,225.0,9.75,put,16,223,0.33614,-0.24189,0.00514,-0.04252,0.56379,-0.36187,0.50411,73.62421,9.75,2025-09-19
2025-09-19,996,996,IBM,2025-09-19,230.0,32.9,call,0,316,0.27287,0.75783,0.00634,-0.05988,0.56414,0.79458,0.50411,0.1983834,32.9,2025-09-19
2025-09-19,998,998,IBM,2025-09-19,235.0,30.35,call,0,269,0.28751,0.71537,0.00653,-0.06486,0.6127,0.75208,0.50411,0.213787,30.35,2025-09-19
2025-09-19,999,999,IBM,2025-09-19,235.0,12.85,put,11,214,0.33735,-0.30223,0.00573,-0.04647,0.62997,-0.4578,0.50411,83.22802,12.85,2025-09-19
2025-09-19,1000,1000,IBM,2025-09-19,240.0,30.38,call,1,230,0.2773,0.68308,0.00711,-0.06492,0.64316,0.72933,0.50411,0.121928,30.38,2025-09-19
2025-09-19,1001,1001,IBM,2025-09-19,240.0,14.7,put,13,378,0.33004,-0.33184,0.00609,-0.04642,0.65543,-0.50369,0.50411,88.00506,14.7,2025-09-19
2025-09-19,1002,1002,IBM,2025-09-19,245.0,27.14,call,1,139,0.27211,0.64636,0.00757,-0.06537,0.67138,0.69846,0.50411,0.07652222,27.14,2025-09-19
2025-09-19,1004,1004,IBM,2025-09-19,250.0,24.54,call,8,1435,0.27287,0.60692,0.0078,-0.06633,0.69439,0.66108,0.50411,0.05715622,24.54,2025-09-19
2025-09-19,1005,1005,IBM,2025-09-19,250.0,18.95,put,41,315,0.32668,-0.39671,0.00653,-0.04696,0.69614,-0.60884,0.50411,97.73612,18.95,2025-09-19
2025-09-19,1006,1006,IBM,2025-09-19,260.0,20.5,call,2,715,0.27135,0.52761,0.00812,-0.06602,0.7187,0.58383,0.50411,0.02844128,20.5,2025-09-19
2025-09-19,1007,1007,IBM,2025-09-19,260.0,24.4,put,1,340,0.33019,-0.46209,0.00666,-0.04689,0.71717,-0.72043,0.50411,107.5579,24.4,2025-09-19
2025-09-19,1008,1008,IBM,2025-09-19,270.0,15.05,call,35,550,0.27074,0.44975,0.00809,-0.06375,0.7147,0.50423,0.50411,0.01437762,15.05,2025-09-19
2025-09-19,1010,1010,IBM,2025-09-19,280.0,11.69,call,73,2119,0.26845,0.37494,0.00782,-0.05932,0.68473,0.42552,0.50411,0.006613509,11.69,2025-09-19
2025-09-19,1012,1012,IBM,2025-09-19,290.0,9.15,call,10,602,0.26693,0.30648,0.00728,-0.05367,0.6339,0.3514,0.50411,0.003076215,9.15,2025-09-19
2025-09-19,1014,1014,IBM,2025-09-19,300.0,7.3,call,49,2104,0.26327,0.24325,0.00659,-0.04658,0.5655,0.28172,0.50411,0.001230987,7.3,2025-09-19
2025-09-19,1015,1015,IBM,2025-09-19,300.0,52.3,put,10,34,0.34909,-0.68121,0.00566,-0.0339,0.64476,-1.14298,0.50411,147.0364,151.8181,2025-09-19
2025-09-19,1016,1016,IBM,2025-09-19,310.0,5.27,call,24,463,0.27226,0.20177,0.00572,-0.04265,0.50825,0.23423,0.50411,0.001056358,5.27,2025-09-19
2025-09-19,1018,1018,IBM,2025-09-19,320.0,3.33,call,0,727,0.2683,0.15475,0.00491,-0.03522,0.42985,0.18115,0.50411,0.0004117965,3.33,2025-09-19
2025-09-19,1020,1020,IBM,2025-09-19,330.0,2.44,call,0,47,0.27501,0.12642,0.00418,-0.03115,0.37467,0.1483,0.50411,0.000326628,0.0003328152,2025-09-19
2025-09-19,1022,1022,IBM,2025-09-19,340.0,2.69,call,0,98,0.2776,0.09999,0.0035,-0.02639,0.31689,0.11773,0.50411,0.0002007296,2.69,2025-09-19
2025-09-19,1024,1024,IBM,2025-09-19,350.0,2.07,call,5,1198,0.27364,0.07333,0.00282,-0.02051,0.25127,0.08689,0.50411,7.659264e-05,2.07,2025-09-19
2025-09-19,1026,1026,IBM,2025-09-19,360.0,2.44,call,0,105,0.28446,0.06334,0.00242,-0.0189,0.2244,0.07497,0.50411,9.055638e-05,2.44,2025-09-19
2025-09-19,1028,1028,IBM,2025-09-19,370.0,1.4,call,0,4,0.28995,0.05187,0.00203,-0.01638,0.19178,0.06148,0.50411,7.32151e-05,7.392459e-05,2025-09-19
2025-09-19,1030,1030,IBM,2025-09-19,380.0,1.31,call,0,4,0.31403,0.05429,0.00194,-0.01827,0.19883,0.06387,0.50411,0.0002158672,0.0002180342,2025-09-19
2025-10-17,1035,1035,IBM,2025-10-17,130.0,0.4,put,1,0,0.43522,-0.01253,0.00038,-0.00596,0.0628,-0.02099,0.580822,9.528564,9.558665,2025-10-17
2025-10-17,1046,1046,IBM,2025-10-17,160.0,88.07,call,0,1,0.02744,1.0,0.0,-0.01851,0.0,0.91457,0.580822,0.005867925,0.005867925,2025-10-17
2025-10-17,1048,1048,IBM,2025-10-17,165.0,98.35,call,0,40,0.02596,1.0,0.0,-0.01908,0.0,0.94315,0.580822,7.776101e-06,7.776101e-06,2025-10-17
2025-10-17,1051,1051,IBM,2025-10-17,170.0,1.91,put,6,5,0.38065,-0.05518,0.00151,-0.01733,0.21604,-0.09322,0.580822,28.73323,29.04578,2025-10-17
2025-10-17,1061,1061,IBM,2025-10-17,195.0,4.48,put,10,2,0.35351,-0.11689,0.00287,-0.02738,0.38036,-0.19929,0.580822,47.07107,47.97302,2025-10-17
2025-10-17,1064,1064,IBM,2025-10-17,205.0,49.27,call,0,1,0.27211,0.89161,0.00353,-0.04301,0.36038,0.99338,0.580822,1.18106,1.20255,2025-10-17
2025-10-17,1069,1069,IBM,2025-10-17,215.0,8.1,put,1,2,0.33735,-0.19571,0.00423,-0.03536,0.53524,-0.33757,0.580822,64.36307,66.09917,2025-10-17
2025-10-17,1070,1070,IBM,2025-10-17,220.0,46.24,call,0,3,0.28797,0.80475,0.00495,-0.05475,0.53447,0.92847,0.580822,0.7354895,0.7553264,2025-10-17
2025-10-17,1071,1071,IBM,2025-10-17,220.0,9.2,put,12,40,0.34178,-0.22319,0.00451,-0.03832,0.57827,-0.3881,0.580822,69.07883,71.09172,2025-10-17
2025-10-17,1072,1072,IBM,2025-10-17,225.0,38.05,call,0,3,0.28659,0.77618,0.00539,-0.05714,0.5792,0.90718,0.580822,0.562341,0.5787779,2025-10-17
2025-10-17,1074,1074,IBM,2025-10-17,230.0,33.95,call,0,1,0.28065,0.74811,0.00587,-0.05848,0.61799,0.88737,0.580822,0.387285,0.3993656,2025-10-17
2025-10-17,1076,1076,IBM,2025-10-17,235.0,31.4,call,0,1,0.28019,0.71534,0.00625,-0.06038,0.65724,0.85771,0.580822,0.2959374,0.3057549,2025-10-17
2025-10-17,1078,1078,IBM,2025-10-17,240.0,33.55,call,0,1,0.27684,0.68227,0.00665,-0.06142,0.69063,0.82773,0.580822,0.2092589,0.2165545,2025-10-17
2025-10-17,1080,1080,IBM,2025-10-17,245.0,25.37,call,0,3,0.27669,0.64686,0.00693,-0.06256,0.71978,0.79198,0.580822,0.1591624,0.1649457,2025-10-17
2025-10-17,1081,1081,IBM,2025-10-17,245.0,17.45,put,4,24,0.3183,-0.36041,0.00607,-0.04103,0.72495,-0.63686,0.580822,92.5881,95.97229,2025-10-17
2025-10-17,1082,1082,IBM,2025-10-17,250.0,22.75,call,0,11,0.27166,0.61135,0.00728,-0.06244,0.74245,0.75712,0.580822,0.1043674,0.1082798,2025-10-17
2025-10-17,1084,1084,IBM,2025-10-17,255.0,18.95,call,0,11,0.27486,0.57451,0.00736,-0.06324,0.75923,0.71567,0.580822,0.08706144,0.09039846,2025-10-17
2025-10-17,1085,1085,IBM,2025-10-17,255.0,22.25,put,19,24,0.3183,-0.42339,0.00635,-0.04107,0.75846,-0.75814,0.580822,102.3267,106.2397,2025-10-17
2025-10-17,1086,1086,IBM,2025-10-17,260.0,19.0,call,0,15,0.26754,0.53687,0.00767,-0.06179,0.76945,0.67664,0.580822,0.05121929,0.05320947,2025-10-17
2025-10-17,1088,1088,IBM,2025-10-17,265.0,15.9,call,0,5,0.26845,0.50011,0.00767,-0.0613,0.77275,0.63418,0.580822,0.03944924,0.04098859,2025-10-17
2025-10-17,1090,1090,IBM,2025-10-17,270.0,16.3,call,1,30,0.26769,0.46354,0.00766,-0.0601,0.76952,0.59176,0.580822,0.02850689,0.02961464,2025-10-17
2025-10-17,1092,1092,IBM,2025-10-17,275.0,14.6,call,1,117,0.26678,0.42765,0.00759,-0.05849,0.76001,0.54941,0.580822,0.02037121,14.6,2025-10-17
2025-10-17,1094,1094,IBM,2025-10-17,280.0,13.35,call,2,26,0.26617,0.39295,0.00746,-0.05659,0.74476,0.50773,0.580822,0.01466941,0.01522114,2025-10-17
2025-10-17,1096,1096,IBM,2025-10-17,285.0,10.25,call,0,66,0.26571,0.35962,0.00727,-0.05442,0.7244,0.46713,0.580822,0.01059389,10.25,2025-10-17
2025-10-17,1098,1098,IBM,2025-10-17,290.0,10.25,call,15,42,0.2651,0.32764,0.00703,-0.05198,0.69946,0.42773,0.580822,0.007570109,0.007837519,2025-10-17
2025-10-17,1100,1100,IBM,2025-10-17,295.0,13.6,call,0,2,0.26602,0.29871,0.00673,-0.0497,0.67216,0.39144,0.580822,0.005822813,0.006020466,2025-10-17
2025-10-17,1102,1102,IBM,2025-10-17,300.0,11.17,call,0,25,0.27943,0.2839,0.00626,-0.05035,0.6564,0.37066,0.580822,0.008269607,0.008543604,2025-10-17
2025-10-17,1104,1104,IBM,2025-10-17,305.0,10.8,call,0,12,0.27379,0.25262,0.00603,-0.04631,0.61893,0.33218,0.580822,0.004724769,0.004872408,2025-10-17
2025-10-17,1106,1106,IBM,2025-10-17,310.0,5.3,call,0,6,0.27089,0.22542,0.00572,-0.04284,0.58154,0.29798,0.580822,0.003018075,0.003106695,2025-10-17
2025-10-17,1108,1108,IBM,2025-10-17,315.0,4.68,call,0,1,0.26891,0.20079,0.00539,-0.03955,0.54357,0.26662,0.580822,0.001998349,0.0020532,2025-10-17
2025-10-17,1110,1110,IBM,2025-10-17,320.0,7.5,call,0,1,0.27592,0.18761,0.00504,-0.03866,0.52155,0.24895,0.580822,0.002200544,0.002258483,2025-10-17
2025-10-17,1112,1112,IBM,2025-10-17,325.0,4.4,call,0,1,0.26922,0.16127,0.00469,-0.03416,0.47374,0.21544,0.580822,0.001106315,0.00113278,2025-10-17
2025-10-17,1114,1114,IBM,2025-10-17,330.0,3.14,call,0,1,0.2744,0.14934,0.00437,-0.03291,0.45029,0.1995,0.580822,0.001122201,0.001147712,2025-10-17
2025-10-17,1116,1116,IBM,2025-10-17,335.0,2.71,call,0,7,0.28202,0.14117,0.0041,-0.03238,0.43357,0.18832,0.580822,0.001318323,0.001347172,2025-10-17
2025-10-17,1118,1118,IBM,2025-10-17,340.0,2.38,call,0,8,0.28233,0.12668,0.0038,-0.02998,0.40247,0.16941,0.580822,0.00101444,0.001035046,2025-10-17
2025-10-17,1120,1120,IBM,2025-10-17,345.0,2.58,call,0,6,0.27059,0.10179,0.00339,-0.02455,0.34437,0.1373,0.580822,0.0003582234,0.0003644522,2025-10-17
2025-10-17,1122,1122,IBM,2025-10-17,350.0,1.84,call,0,8,0.28263,0.10121,0.00323,-0.0254,0.34293,0.13598,0.580822,0.0005904533,0.0006006729,2025-10-17
2025-10-17,1124,1124,IBM,2025-10-17,355.0,1.95,call,0,8,0.27409,0.08247,0.00287,-0.02113,0.29466,0.11154,0.580822,0.0002509484,0.0002546816,2025-10-17
2025-10-17,1126,1126,IBM,2025-10-17,360.0,1.48,call,0,5,0.28065,0.07834,0.00269,-0.02073,0.28344,0.10582,0.580822,0.0002955391,0.0002997672,2025-10-17
2025-10-17,1128,1128,IBM,2025-10-17,365.0,1.38,call,0,8,0.2872,0.07469,0.00254,-0.02038,0.27332,0.10075,0.580822,0.0003465854,0.0003513658,2025-10-17
2025-10-17,1130,1130,IBM,2025-10-17,370.0,1.81,call,0,1,0.27851,0.0597,0.0022,-0.0166,0.22984,0.08104,0.580822,0.0001436949,0.0001453621,2025-10-17
2025-10-17,1132,1132,IBM,2025-10-17,380.0,1.04,call,0,1,0.2869,0.05189,0.00191,-0.01522,0.20575,0.07039,0.580822,0.0001505352,0.0001520982,2025-10-17
2025-10-17,1134,1134,IBM,2025-10-17,390.0,0.65,call,5,0,0.27394,0.03305,0.00139,-0.01005,0.14277,0.04526,0.580822,3.126349e-05,3.148884e-05,2025-10-17
2026-01-16,1136,1136,IBM,2026-01-16,70.0,182.45,call,0,0,0.03794,1.0,0.0,-0.00801,0.0,0.56415,0.830137,81.1526,81.1526,2026-01-16
2026-01-16,1138,1138,IBM,2026-01-16,75.0,138.0,call,0,0,0.0369,1.0,0.0,-0.00858,0.0,0.60444,0.830137,76.23493,76.23493,2026-01-16
2026-01-16,1139,1139,IBM,2026-01-16,75.0,0.17,put,7,84,0.60625,-0.0056,0.00011,-0.00347,0.037,-0.01435,0.830137,2.660486,0.17,2026-01-16
2026-01-16,1142,1142,IBM,2026-01-16,85.0,130.65,call,0,0,0.03483,1.0,0.0,-0.00973,0.0,0.68503,0.830137,66.39958,66.39958,2026-01-16
2026-01-16,1144,1144,IBM,2026-01-16,90.0,162.5,call,0,1,0.03379,1.0,0.0,-0.0103,0.0,0.72533,0.830137,61.48191,61.48191,2026-01-16
2026-01-16,1146,1146,IBM,2026-01-16,95.0,127.38,call,0,0,0.03275,1.0,0.0,-0.01087,0.0,0.76563,0.830137,56.56424,56.56424,2026-01-16
2026-01-16,1148,1148,IBM,2026-01-16,100.0,163.78,call,0,7,0.03172,1.0,0.0,-0.01144,0.0,0.80592,0.830137,51.64657,51.64657,2026-01-16
2026-01-16,1152,1152,IBM,2026-01-16,110.0,113.53,call,0,23,0.02964,1.0,0.0,-0.01259,0.0,0.88651,0.830137,41.81122,41.81122,2026-01-16
2026-01-16,1154,1154,IBM,2026-01-16,115.0,110.8,call,0,2,0.02861,1.0,0.0,-0.01316,0.0,0.92681,0.830137,36.89355,36.89355,2026-01-16
2026-01-16,1156,1156,IBM,2026-01-16,120.0,141.5,call,0,10,0.02757,1.0,0.0,-0.01373,0.0,0.96711,0.830137,31.97588,31.97588,2026-01-16
2026-01-16,1158,1158,IBM,2026-01-16,125.0,129.21,call,0,25,0.02653,1.0,0.0,-0.0143,0.0,1.0074,0.830137,27.05821,27.05821,2026-01-16
2026-01-16,1160,1160,IBM,2026-01-16,130.0,123.27,call,0,119,0.0255,1.0,0.0,-0.01487,0.0,1.0477,0.830137,22.14054,123.27,2026-01-16
2026-01-16,1162,1162,IBM,2026-01-16,135.0,119.1,call,0,124,0.02446,1.0,0.0,-0.01545,0.0,1.088,0.830137,17.22287,119.1,2026-01-16
2026-01-16,1163,1163,IBM,2026-01-16,135.0,1.15,put,1,554,0.4026,-0.02337,0.00059,-0.00762,0.12769,-0.05716,0.830137,13.07638,1.15,2026-01-16
2026-01-16,1164,1164,IBM,2026-01-16,140.0,109.0,call,0,116,0.02342,1.0,0.0,-0.01602,0.0,1.12829,0.830137,12.30522,109.0,2026-01-16
2026-01-16,1166,1166,IBM,2026-01-16,145.0,106.2,call,0,215,0.02239,1.0,0.0,-0.01659,0.0,1.16859,0.830137,7.393968,106.2,2026-01-16
2026-01-16,1168,1168,IBM,2026-01-16,150.0,101.3,call,0,507,0.02135,1.0,0.0,-0.01716,0.0,1.20888,0.830137,2.78607,101.3,2026-01-16
2026-01-16,1170,1170,IBM,2026-01-16,155.0,113.0,call,0,231,0.02031,1.0,0.0,-0.01773,0.0,1.24918,0.830137,0.2942711,113.0,2026-01-16
2026-01-16,1172,1172,IBM,2026-01-16,160.0,89.21,call,0,473,0.01928,1.0,0.0,-0.01831,0.0,1.28948,0.830137,0.002602558,89.21,2026-01-16
2026-01-16,1173,1173,IBM,2026-01-16,160.0,2.38,put,6,558,0.37577,-0.05362,0.00125,-0.01365,0.25213,-0.13222,0.830137,24.774,2.38,2026-01-16
2026-01-16,1174,1174,IBM,2026-01-16,165.0,85.11,call,0,631,0.01824,1.0,0.0,-0.01888,0.0,1.32977,0.830137,5.524027e-07,85.11,2026-01-16
2026-01-16,1176,1176,IBM,2026-01-16,170.0,78.9,call,0,429,0.0172,1.0,0.0,-0.01945,0.0,1.37007,0.830137,7.388944e-13,78.9,2026-01-16
2026-01-16,1178,1178,IBM,2026-01-16,175.0,74.79,call,0,499,0.01617,1.0,0.0,-0.02002,0.0,1.41036,0.830137,1.238627e-21,74.79,2026-01-16
2026-01-16,1179,1179,IBM,2026-01-16,175.0,3.6,put,7,892,0.34589,-0.07523,0.00177,-0.01598,0.32809,-0.18474,0.830137,33.09654,3.6,2026-01-16
2026-01-16,1180,1180,IBM,2026-01-16,180.0,73.9,call,0,357,0.01513,1.0,0.0,-0.02059,0.0,1.45066,0.830137,2.525865e-34,73.9,2026-01-16
2026-01-16,1182,1182,IBM,2026-01-16,185.0,72.5,call,0,721,0.14452,0.99662,0.0003,-0.02162,0.02355,1.48351,0.830137,0.6865531,72.5,2026-01-16
2026-01-16,1183,1183,IBM,2026-01-16,185.0,5.15,put,1,628,0.3494,-0.10516,0.00225,-0.0204,0.42094,-0.26141,0.830137,40.6697,5.15,2026-01-16
2026-01-16,1184,1184,IBM,2026-01-16,190.0,70.2,call,6,483,0.20657,0.96422,0.00165,-0.02674,0.18192,1.44955,0.830137,1.882335,70.2,2026-01-16
2026-01-16,1186,1186,IBM,2026-01-16,195.0,63.36,call,0,596,0.22592,0.93806,0.00234,-0.03073,0.28239,1.42791,0.830137,1.976104,63.36,2026-01-16
2026-01-16,1188,1188,IBM,2026-01-16,200.0,62.75,call,2,2370,0.23202,0.91688,0.00285,-0.03358,0.35383,1.41756,0.830137,1.709776,62.75,2026-01-16
2026-01-16,1189,1189,IBM,2026-01-16,200.0,7.1,put,67,2281,0.32973,-0.1468,0.00301,-0.02353,0.53145,-0.36585,0.830137,51.83194,7.1,2026-01-16
2026-01-16,1190,1190,IBM,2026-01-16,210.0,50.25,call,0,539,0.24544,0.86503,0.00382,-0.03967,0.502,1.37131,0.830137,1.343413,50.25,2026-01-16
2026-01-16,1192,1192,IBM,2026-01-16,220.0,47.68,call,1,1197,0.259,0.80538,0.0046,-0.04551,0.6368,1.30099,0.830137,1.098276,47.68,2026-01-16
2026-01-16,1194,1194,IBM,2026-01-16,230.0,42.58,call,3,2129,0.26098,0.74856,0.00528,-0.04909,0.73709,1.23619,0.830137,0.7443604,42.58,2026-01-16
2026-01-16,1195,1195,IBM,2026-01-16,230.0,15.72,put,1,1019,0.32257,-0.2766,0.00449,-0.03084,0.7738,-0.70959,0.830137,78.19208,15.72,2026-01-16
2026-01-16,1196,1196,IBM,2026-01-16,240.0,32.0,call,0,1375,0.2651,0.68711,0.00578,-0.05199,0.81911,1.15453,0.830137,0.530042,32.0,2026-01-16
2026-01-16,1197,1197,IBM,2026-01-16,240.0,18.95,put,21,614,0.32943,-0.32798,0.00474,-0.03296,0.83538,-0.8561,0.830137,87.6508,18.95,2026-01-16
2026-01-16,1198,1198,IBM,2026-01-16,250.0,29.88,call,9,1326,0.26556,0.62517,0.00617,-0.05334,0.87675,1.06869,0.830137,0.3496812,29.88,2026-01-16
2026-01-16,1199,1199,IBM,2026-01-16,250.0,23.4,put,72,2016,0.31662,-0.37808,0.00519,-0.03157,0.87911,-0.99045,0.830137,96.85695,23.4,2026-01-16
2026-01-16,1200,1200,IBM,2026-01-16,260.0,25.15,call,7,1730,0.26281,0.56223,0.00648,-0.05314,0.91129,0.97789,0.830137,0.2104791,25.15,2026-01-16
2026-01-16,1202,1202,IBM,2026-01-16,270.0,21.1,call,14,740,0.25794,0.49802,0.00669,-0.05152,0.92252,0.881,0.830137,0.115715,21.1,2026-01-16
2026-01-16,1204,1204,IBM,2026-01-16,280.0,17.1,call,25,771,0.26159,0.43894,0.00652,-0.05022,0.91171,0.78357,0.830137,0.08280291,17.1,2026-01-16
2026-01-16,1206,1206,IBM,2026-01-16,290.0,14.1,call,2,859,0.26098,0.38145,0.00632,-0.04749,0.8815,0.68833,0.830137,0.05138374,14.1,2026-01-16
2026-01-16,1208,1208,IBM,2026-01-16,300.0,11.5,call,34,1172,0.25748,0.32526,0.00605,-0.04357,0.83256,0.5938,0.830137,0.02808985,11.5,2026-01-16
2026-01-16,1210,1210,IBM,2026-01-16,310.0,9.55,call,4,289,0.26678,0.2866,0.00552,-0.04187,0.78717,0.52408,0.830137,0.02626994,9.55,2026-01-16
2026-01-16,1212,1212,IBM,2026-01-16,320.0,7.4,call,10,970,0.2587,0.23493,0.00514,-0.03631,0.7105,0.43515,0.830137,0.01158672,7.4,2026-01-16
2026-01-16,1214,1214,IBM,2026-01-16,330.0,6.1,call,16,281,0.25977,0.19812,0.00463,-0.03265,0.64373,0.3691,0.830137,0.007650593,6.1,2026-01-16
2026-01-16,1216,1216,IBM,2026-01-16,340.0,4.33,call,0,476,0.25641,0.16111,0.00412,-0.02805,0.5652,0.30257,0.830137,0.003982877,4.33,2026-01-16
2026-01-16,1218,1218,IBM,2026-01-16,350.0,3.53,call,0,152,0.25687,0.13325,0.00362,-0.02452,0.49759,0.25148,0.830137,0.002537024,3.53,2026-01-16
2026-01-16,1220,1220,IBM,2026-01-16,360.0,3.0,call,0,245,0.27684,0.13035,0.00331,-0.02571,0.4901,0.24409,0.830137,0.004905037,3.0,2026-01-16
2026-01-16,1222,1222,IBM,2026-01-16,370.0,2.46,call,0,21,0.26723,0.09918,0.00282,-0.02034,0.40339,0.18769,0.830137,0.001876714,0.001914831,2026-01-16
2026-01-16,1224,1224,IBM,2026-01-16,380.0,2.07,call,0,29,0.27409,0.08782,0.00252,-0.01893,0.36872,0.16618,0.830137,0.001828255,0.001862192,2026-01-16
2026-01-16,1226,1226,IBM,2026-01-16,390.0,1.71,call,0,68,0.27638,0.07439,0.0022,-0.01674,0.32531,0.14112,0.830137,0.001379928,1.71,2026-01-16
2026-03-20,1231,1231,IBM,2026-03-20,120.0,0.74,put,2,4,0.42089,-0.0188,0.00043,-0.00601,0.11666,-0.05651,1.00274,9.685204,9.741906,2026-03-20
2026-03-20,1246,1246,IBM,2026-03-20,160.0,94.4,call,0,3,0.01599,1.0,0.0,-0.01817,0.0,1.54424,1.00274,0.002010741,0.002010741,2026-03-20
2026-03-20,1247,1247,IBM,2026-03-20,160.0,3.05,put,2,19,0.37181,-0.06293,0.00131,-0.01362,0.31405,-0.19082,1.00274,26.22709,26.64064,2026-03-20
2026-03-20,1248,1248,IBM,2026-03-20,165.0,96.85,call,0,4,0.01513,1.0,0.0,-0.01874,0.0,1.5925,1.00274,1.503984e-07,1.503984e-07,2026-03-20
2026-03-20,1250,1250,IBM,2026-03-20,170.0,88.1,call,0,1,0.01427,1.0,0.0,-0.01931,0.0,1.64076,1.00274,2.819255e-14,2.819255e-14,2026-03-20
2026-03-20,1252,1252,IBM,2026-03-20,175.0,95.25,call,0,133,0.01341,1.0,0.0,-0.01987,0.0,1.68901,1.00274,1.8562999999999998e-24,95.25,2026-03-20
2026-03-20,1256,1256,IBM,2026-03-20,185.0,76.0,call,0,6,0.18827,0.97619,0.00117,-0.02389,0.14251,1.72019,1.00274,2.553599,2.571944,2026-03-20
2026-03-20,1258,1258,IBM,2026-03-20,190.0,80.0,call,0,10,0.21297,0.95049,0.00189,-0.02747,0.2599,1.69529,1.00274,2.878619,2.916299,2026-03-20
2026-03-20,1260,1260,IBM,2026-03-20,195.0,63.38,call,0,2,0.22806,0.92531,0.00244,-0.03076,0.35843,1.6701,1.00274,2.852248,2.903713,2026-03-20
2026-03-20,1262,1262,IBM,2026-03-20,200.0,74.4,call,0,3,0.23202,0.9053,0.00286,-0.03303,0.42831,1.65966,1.00274,2.453808,2.506708,2026-03-20
2026-03-20,1264,1264,IBM,2026-03-20,210.0,62.62,call,0,18,0.24041,0.85831,0.00367,-0.03763,0.56998,1.61561,1.00274,1.85845,1.911755,2026-03-20
2026-03-20,1265,1265,IBM,2026-03-20,210.0,11.3,put,1,28,0.33583,-0.19762,0.00326,-0.02497,0.70602,-0.61615,1.00274,61.28485,63.45825,2026-03-20
2026-03-20,1266,1266,IBM,2026-03-20,220.0,49.5,call,0,52,0.25047,0.80361,0.00435,-0.04209,0.70335,1.54319,1.00274,1.481606,49.5,2026-03-20
2026-03-20,1267,1267,IBM,2026-03-20,220.0,13.98,put,5,115,0.33248,-0.237,0.00366,-0.02665,0.78422,-0.74567,1.00274,69.78386,13.98,2026-03-20
2026-03-20,1268,1268,IBM,2026-03-20,230.0,39.15,call,0,21,0.2494,0.75164,0.005,-0.04465,0.80435,1.4787,1.00274,0.9854782,1.025358,2026-03-20
2026-03-20,1270,1270,IBM,2026-03-20,240.0,36.3,call,0,26,0.25626,0.69247,0.0054,-0.04736,0.89299,1.38284,1.00274,0.768218,0.802726,2026-03-20
2026-03-20,1272,1272,IBM,2026-03-20,250.0,33.21,call,4,112,0.25778,0.63447,0.00574,-0.04861,0.95522,1.28803,1.00274,0.5418029,33.21,2026-03-20
2026-03-20,1273,1273,IBM,2026-03-20,250.0,25.5,put,31,61,0.33034,-0.36954,0.0045,-0.02885,0.95867,-1.20512,1.00274,96.94642,25.5,2026-03-20
2026-03-20,1274,1274,IBM,2026-03-20,260.0,28.25,call,29,75,0.2587,0.57629,0.00596,-0.04894,0.99476,1.18733,1.00274,0.377464,28.25,2026-03-20
2026-03-20,1276,1276,IBM,2026-03-20,270.0,21.09,call,0,77,0.25839,0.51869,0.00607,-0.04829,1.01223,1.08361,1.00274,0.2544103,21.09,2026-03-20
2026-03-20,1278,1278,IBM,2026-03-20,280.0,23.36,call,0,77,0.2587,0.463,0.00605,-0.04698,1.00898,0.97877,1.00274,0.1739929,23.36,2026-03-20
2026-03-20,1280,1280,IBM,2026-03-20,290.0,14.1,call,0,273,0.259,0.41006,0.00591,-0.04506,0.98748,0.87597,1.00274,0.1188941,14.1,2026-03-20
2026-03-20,1282,1282,IBM,2026-03-20,300.0,14.02,call,2,34,0.25672,0.35821,0.00573,-0.0422,0.94865,0.77394,1.00274,0.07403094,0.07756362,2026-03-20
2026-03-20,1284,1284,IBM,2026-03-20,310.0,11.9,call,14,433,0.26236,0.31764,0.00535,-0.04039,0.90554,0.68916,1.00274,0.06161889,11.9,2026-03-20
2026-03-20,1286,1286,IBM,2026-03-20,320.0,9.95,call,2,511,0.2587,0.27195,0.00505,-0.03664,0.84288,0.59625,1.00274,0.03617715,9.95,2026-03-20
2026-03-20,1288,1288,IBM,2026-03-20,330.0,8.3,call,18,121,0.26007,0.2357,0.00466,-0.03374,0.78185,0.51984,1.00274,0.02588644,8.3,2026-03-20
2026-03-20,1290,1290,IBM,2026-03-20,340.0,6.65,call,0,119,0.26175,0.20398,0.00426,-0.03091,0.71956,0.45215,1.00274,0.01890983,6.65,2026-03-20
2026-03-20,1292,1292,IBM,2026-03-20,350.0,5.61,call,0,27,0.26175,0.17418,0.00387,-0.02779,0.65281,0.38831,1.00274,0.01285362,0.01327566,2026-03-20
2026-03-20,1294,1294,IBM,2026-03-20,360.0,4.35,call,1,98,0.26266,0.14907,0.00348,-0.02498,0.5898,0.33387,1.00274,0.00915223,4.35,2026-03-20
2026-03-20,1296,1296,IBM,2026-03-20,370.0,3.73,call,0,9,0.25733,0.12031,0.00307,-0.02099,0.50904,0.27175,1.00274,0.00467201,0.00479164,2026-03-20
2026-03-20,1298,1298,IBM,2026-03-20,380.0,3.2,call,0,252,0.26784,0.11196,0.0028,-0.02057,0.48371,0.25217,1.00274,0.005644666,3.2,2026-03-20
2026-03-20,1300,1300,IBM,2026-03-20,390.0,2.47,call,0,175,0.26236,0.08919,0.00242,-0.01699,0.40971,0.20245,1.00274,0.002863166,2.47,2026-03-20
2026-06-18,1308,1308,IBM,2026-06-18,125.0,137.55,call,0,4,0.01769,1.0,0.0,-0.01404,0.0,1.48555,1.249315,28.08459,28.08459,2026-06-18
2026-06-18,1323,1323,IBM,2026-06-18,160.0,4.05,put,5,1,0.36281,-0.07159,0.00133,-0.01272,0.38709,-0.27592,1.249315,27.72907,28.26759,2026-06-18
2026-06-18,1324,1324,IBM,2026-06-18,165.0,101.43,call,0,331,0.01216,1.0,0.0,-0.01854,0.0,1.96092,1.249315,4.376278e-08,101.43,2026-06-18
2026-06-18,1326,1326,IBM,2026-06-18,170.0,97.25,call,0,36,0.01147,1.0,0.0,-0.0191,0.0,2.02034,1.249315,6.955169e-16,6.955169e-16,2026-06-18
2026-06-18,1328,1328,IBM,2026-06-18,175.0,86.97,call,0,2,0.01078,1.0,0.0,-0.01966,0.0,2.07977,1.249315,7.263977e-28,7.263977e-28,2026-06-18
2026-06-18,1330,1330,IBM,2026-06-18,180.0,82.83,call,0,4,0.01009,1.0,0.0,-0.02022,0.0,2.13919,1.249315,2.020276e-45,2.020276e-45,2026-06-18
2026-06-18,1332,1332,IBM,2026-06-18,185.0,87.13,call,0,4,0.0094,1.0,0.0,-0.02079,0.0,2.19861,1.249315,1.634962e-70,1.634962e-70,2026-06-18
2026-06-18,1334,1334,IBM,2026-06-18,190.0,46.5,call,0,3,0.17806,0.96464,0.00154,-0.02449,0.22082,2.13623,1.249315,2.444448,2.471626,2026-06-18
2026-06-18,1335,1335,IBM,2026-06-18,190.0,8.34,put,3,4,0.34299,-0.1404,0.00229,-0.01846,0.63193,-0.55037,1.249315,46.85739,48.34328,2026-06-18
2026-06-18,1336,1336,IBM,2026-06-18,195.0,44.85,call,0,1,0.20245,0.93328,0.00226,-0.02779,0.36665,2.08257,1.249315,2.88603,2.939264,2026-06-18
2026-06-18,1338,1338,IBM,2026-06-18,200.0,62.19,call,0,18,0.21114,0.9101,0.00271,-0.03004,0.45978,2.05693,1.249315,2.686574,2.7487,2026-06-18
2026-06-18,1340,1340,IBM,2026-06-18,210.0,60.0,call,2,2,0.23019,0.85579,0.00348,-0.03479,0.64349,1.96969,1.249315,2.461545,2.541172,2026-06-18
2026-06-18,1342,1342,IBM,2026-06-18,220.0,49.0,call,0,16,0.23797,0.80537,0.00408,-0.03817,0.78037,1.89263,1.249315,1.956578,2.03332,2026-06-18
2026-06-18,1344,1344,IBM,2026-06-18,230.0,43.12,call,0,14,0.24452,0.75265,0.00456,-0.04092,0.89539,1.80052,1.249315,1.553234,1.623126,2026-06-18
2026-06-18,1346,1346,IBM,2026-06-18,240.0,41.1,call,2,21,0.24788,0.69988,0.00495,-0.04277,0.98543,1.70369,1.249315,1.180715,1.239183,2026-06-18
2026-06-18,1347,1347,IBM,2026-06-18,240.0,23.76,put,3,25,0.32668,-0.3173,0.00385,-0.0237,1.00975,-1.30197,1.249315,87.72932,92.17544,2026-06-18
2026-06-18,1348,1348,IBM,2026-06-18,250.0,30.89,call,0,85,0.2497,0.64666,0.00525,-0.04384,1.05321,1.59988,1.249315,0.8767729,30.89,2026-06-18
2026-06-18,1350,1350,IBM,2026-06-18,260.0,31.8,call,3,158,0.25245,0.59351,0.00542,-0.04436,1.09928,1.48805,1.249315,0.6680129,31.8,2026-06-18
2026-06-18,1352,1352,IBM,2026-06-18,270.0,26.02,call,0,21,0.25199,0.54094,0.00556,-0.04394,1.12453,1.37588,1.249315,0.4739087,0.5006867,2026-06-18
2026-06-18,1354,1354,IBM,2026-06-18,280.0,21.91,call,0,13,0.25321,0.49021,0.00556,-0.04316,1.13015,1.26108,1.249315,0.3506139,0.3705237,2026-06-18
2026-06-18,1356,1356,IBM,2026-06-18,290.0,22.22,call,0,20,0.25382,0.44148,0.00549,-0.04184,1.1183,1.1478,1.249315,0.2558,0.2701733,2026-06-18
2026-06-18,1358,1358,IBM,2026-06-18,300.0,17.25,call,2,56,0.25382,0.39494,0.00535,-0.04004,1.09106,1.03712,1.249315,0.1834078,17.25,2026-06-18
2026-06-18,1360,1360,IBM,2026-06-18,310.0,13.25,call,0,86,0.25397,0.35146,0.00515,-0.03795,1.05119,0.93115,1.249315,0.1320962,13.25,2026-06-18
2026-06-18,1362,1362,IBM,2026-06-18,320.0,11.25,call,0,3,0.25428,0.31134,0.00491,-0.03566,1.0016,0.83139,1.249315,0.09573039,0.1005481,2026-06-18
2026-06-18,1364,1364,IBM,2026-06-18,330.0,12.58,call,0,17,0.2523,0.27192,0.00464,-0.03283,0.94027,0.73272,1.249315,0.06359419,0.06659873,2026-06-18
2026-06-18,1366,1366,IBM,2026-06-18,340.0,9.07,call,0,1,0.25672,0.24338,0.00431,-0.0311,0.88764,0.6578,1.249315,0.05431935,0.05674186,2026-06-18
2026-06-18,1368,1368,IBM,2026-06-18,350.0,7.68,call,3,4,0.2587,0.21536,0.00399,-0.02893,0.82879,0.58472,1.249315,0.04256598,0.04433838,2026-06-18
2026-06-18,1370,1370,IBM,2026-06-18,360.0,8.6,call,0,4,0.25931,0.18878,0.00368,-0.02655,0.76592,0.51521,1.249315,0.0317061,0.03292615,2026-06-18
2026-06-18,1372,1372,IBM,2026-06-18,370.0,7.48,call,0,2,0.26815,0.17495,0.00339,-0.02589,0.73032,0.47659,1.249315,0.03383779,0.03507915,2026-06-18
2026-06-18,1374,1374,IBM,2026-06-18,380.0,6.8,call,0,2,0.26281,0.14677,0.00309,-0.0225,0.65115,0.4035,1.249315,0.01975916,0.02040552,2026-06-18
2026-06-18,1376,1376,IBM,2026-06-18,390.0,4.41,call,2,5,0.26434,0.12916,0.00281,-0.02059,0.59678,0.35628,1.249315,0.01560498,0.01607281,2026-06-18
2027-01-15,1378,1378,IBM,2027-01-15,105.0,159.33,call,0,32,0.01401,1.0,0.0,-0.01151,0.0,1.77769,1.827397,48.76825,48.76825,2027-01-15
2027-01-15,1380,1380,IBM,2027-01-15,110.0,142.0,call,0,107,0.01354,1.0,0.0,-0.01205,0.0,1.86234,1.827397,43.94769,142.0,2027-01-15
2027-01-15,1382,1382,IBM,2027-01-15,115.0,108.26,call,0,0,0.01307,1.0,0.0,-0.0126,0.0,1.94699,1.827397,39.12714,39.12714,2027-01-15
2027-01-15,1384,1384,IBM,2027-01-15,120.0,144.88,call,0,28,0.01259,1.0,0.0,-0.01315,0.0,2.03164,1.827397,34.30658,34.30658,2027-01-15
2027-01-15,1386,1386,IBM,2027-01-15,125.0,139.32,call,0,3,0.01212,1.0,0.0,-0.0137,0.0,2.11629,1.827397,29.48602,29.48602,2027-01-15
2027-01-15,1388,1388,IBM,2027-01-15,130.0,134.67,call,0,9,0.01164,1.0,0.0,-0.01425,0.0,2.20095,1.827397,24.66546,24.66546,2027-01-15
2027-01-15,1390,1390,IBM,2027-01-15,135.0,119.52,call,0,48,0.01117,1.0,0.0,-0.01479,0.0,2.2856,1.827397,19.8449,19.8449,2027-01-15
2027-01-15,1392,1392,IBM,2027-01-15,140.0,125.42,call,0,42,0.0107,1.0,0.0,-0.01534,0.0,2.37025,1.827397,15.02434,15.02434,2027-01-15
2027-01-15,1394,1394,IBM,2027-01-15,145.0,110.45,call,0,32,0.01022,1.0,0.0,-0.01589,0.0,2.4549,1.827397,10.20378,10.20378,2027-01-15
2027-01-15,1396,1396,IBM,2027-01-15,150.0,109.0,call,5,89,0.00975,1.0,0.0,-0.01644,0.0,2.53955,1.827397,5.384837,109.0,2027-01-15
2027-01-15,1397,1397,IBM,2027-01-15,150.0,4.65,put,2,316,0.36556,-0.07162,0.00109,-0.01005,0.46798,-0.42229,1.827397,26.13365,4.65,2027-01-15
2027-01-15,1398,1398,IBM,2027-01-15,155.0,100.27,call,0,226,0.00928,1.0,0.0,-0.01698,0.0,2.62421,1.827397,1.063989,100.27,2027-01-15
2027-01-15,1400,1400,IBM,2027-01-15,160.0,99.13,call,0,210,0.0088,1.0,0.0,-0.01753,0.0,2.70886,1.827397,0.005667187,99.13,2027-01-15
2027-01-15,1402,1402,IBM,2027-01-15,165.0,96.47,call,1,56,0.00833,1.0,0.0,-0.01808,0.0,2.79351,1.827397,2.819339e-08,96.47,2027-01-15
2027-01-15,1404,1404,IBM,2027-01-15,170.0,94.78,call,0,57,0.00786,1.0,0.0,-0.01863,0.0,2.87816,1.827397,7.216832e-18,94.78,2027-01-15
2027-01-15,1406,1406,IBM,2027-01-15,175.0,87.0,call,0,389,0.00738,1.0,0.0,-0.01918,0.0,2.96281,1.827397,2.983538e-33,87.0,2027-01-15
2027-01-15,1408,1408,IBM,2027-01-15,180.0,76.81,call,0,150,0.00691,1.0,0.0,-0.01972,0.0,3.04746,1.827397,3.186766e-56,76.81,2027-01-15
2027-01-15,1410,1410,IBM,2027-01-15,185.0,81.4,call,2,60,0.00644,1.0,0.0,-0.02027,0.0,3.13212,1.827397,1.702511e-89,81.4,2027-01-15
2027-01-15,1412,1412,IBM,2027-01-15,190.0,77.84,call,0,127,0.12577,0.9872,0.00077,-0.02148,0.11311,3.15371,1.827397,1.658496,77.84,2027-01-15
2027-01-15,1414,1414,IBM,2027-01-15,195.0,70.15,call,0,45,0.16282,0.95063,0.00183,-0.02399,0.34965,3.04961,1.827397,2.918885,2.970182,2027-01-15
2027-01-15,1416,1416,IBM,2027-01-15,200.0,70.35,call,6,405,0.18644,0.91488,0.00244,-0.02647,0.53348,2.94059,1.827397,3.577372,70.35,2027-01-15
2027-01-15,1418,1418,IBM,2027-01-15,210.0,72.5,call,0,245,0.20321,0.86492,0.00312,-0.02962,0.74388,2.83025,1.827397,3.317934,72.5,2027-01-15
2027-01-15,1419,1419,IBM,2027-01-15,210.0,16.45,put,5,190,0.33217,-0.20745,0.00252,-0.01611,0.97995,-1.27046,1.827397,64.09965,16.45,2027-01-15
2027-01-15,1420,1420,IBM,2027-01-15,220.0,54.7,call,0,392,0.21144,0.81811,0.00365,-0.03197,0.90456,2.73022,1.827397,2.770951,54.7,2027-01-15
2027-01-15,1422,1422,IBM,2027-01-15,230.0,52.65,call,2,913,0.22318,0.76693,0.004,-0.03424,1.04764,2.59019,1.827397,2.508537,52.65,2027-01-15
2027-01-15,1424,1424,IBM,2027-01-15,240.0,43.78,call,0,221,0.22974,0.71901,0.00429,-0.03577,1.15484,2.4623,1.827397,2.123573,43.78,2027-01-15
2027-01-15,1426,1426,IBM,2027-01-15,250.0,43.21,call,12,290,0.23324,0.67242,0.00452,-0.03668,1.23661,2.33661,1.827397,1.724548,43.21,2027-01-15
2027-01-15,1428,1428,IBM,2027-01-15,260.0,35.6,call,0,464,0.23644,0.62641,0.00468,-0.03719,1.29712,2.20489,1.827397,1.40498,35.6,2027-01-15
2027-01-15,1430,1430,IBM,2027-01-15,270.0,34.08,call,1,962,0.23766,0.58123,0.0048,-0.03718,1.33788,2.07325,1.827397,1.106217,34.08,2027-01-15
2027-01-15,1432,1432,IBM,2027-01-15,280.0,28.15,call,0,229,0.23995,0.53753,0.00483,-0.03694,1.36025,1.93793,1.827397,0.8960006,28.15,2027-01-15
2027-01-15,1434,1434,IBM,2027-01-15,290.0,27.2,call,4,126,0.24208,0.49569,0.00481,-0.0364,1.36622,1.80424,1.827397,0.7277894,27.2,2027-01-15
2027-01-15,1436,1436,IBM,2027-01-15,300.0,24.1,call,9,507,0.24269,0.45496,0.00477,-0.03545,1.35758,1.67283,1.827397,0.5719638,24.1,2027-01-15
2027-01-15,1438,1438,IBM,2027-01-15,310.0,20.5,call,5,74,0.24361,0.41649,0.00468,-0.03433,1.33625,1.54492,1.827397,0.4543734,20.5,2027-01-15
2027-01-15,1440,1440,IBM,2027-01-15,320.0,18.8,call,2,279,0.24406,0.37982,0.00455,-0.03298,1.30382,1.42087,1.827397,0.3572118,18.8,2027-01-15
2027-01-15,1442,1442,IBM,2027-01-15,330.0,14.75,call,0,298,0.24528,0.34625,0.00439,-0.03161,1.26353,1.30429,1.827397,0.2881714,14.75,2027-01-15
2027-01-15,1444,1444,IBM,2027-01-15,340.0,12.4,call,0,301,0.24483,0.31317,0.00423,-0.0299,1.21358,1.18915,1.827397,0.2211853,12.4,2027-01-15
2027-01-15,1446,1446,IBM,2027-01-15,350.0,13.01,call,10,430,0.24574,0.28401,0.00403,-0.02834,1.1608,1.08491,1.827397,0.1777459,13.01,2027-01-15
2027-01-15,1448,1448,IBM,2027-01-15,360.0,11.13,call,0,3,0.24757,0.25839,0.00381,-0.02691,1.10732,0.99153,1.827397,0.1481444,0.1563748,2027-01-15
2027-01-15,1450,1450,IBM,2027-01-15,370.0,12.61,call,0,107,0.2494,0.23507,0.0036,-0.02548,1.05262,0.90578,1.827397,0.1242312,12.61,2027-01-15
2027-01-15,1452,1452,IBM,2027-01-15,380.0,8.66,call,0,11,0.25077,0.21331,0.00339,-0.02401,0.9961,0.82537,1.827397,0.1030133,0.1081614,2027-01-15
2027-01-15,1454,1454,IBM,2027-01-15,390.0,8.55,call,4,1057,0.25275,0.19434,0.00318,-0.02268,0.94231,0.75443,1.827397,0.0878948,8.55,2027-01-15
